sc,model,coef,true,meanest,bias,empse,mse,modse,seerr,cover,becover
1,cirls,1,5,5.03512991626538,0.0351299162653751,0.712956326508103,0.509490003852391,0.713993703972805,0.14550364813819,0.947,0.9484
1,cirls,2,-1,0.0262439856890949,1.0262439856891,0.123613676747706,1.06845553120802,0.318287896107127,157.485987377228,0,0.9431
1,cirls,3,1,0.430753415585077,-0.569246584414923,0.833105566181253,1.0180371517818,0.846214576466994,1.57351130731602,0.8538,0.9469
1,glm,1,5,4.9955743449005,-0.00442565509950033,0.713308093314458,0.508777141567369,0.714445737904879,0.159488529722696,0.9472,0.9472
1,glm,2,-1,-1.0239740020744,-0.0239740020744021,0.726194458366588,0.527880408298669,0.731210324354594,0.690705627152211,0.9487,0.9499
1,glm,3,1,0.993538066128802,-0.00646193387119764,0.917069148715807,0.840973478533339,0.916845419140783,-0.0243961510794755,0.9509,0.9506
2,cirls,1,5,4.99395137138956,-0.00604862861044353,0.317110208612453,0.10058541442586,0.316612884067874,-0.156830190599888,0.9475,0.9474
2,cirls,2,-1,0.000359749422985293,1.00035974942299,0.00850563906927116,1.00079196692701,0.108165003718281,1171.68579382889,0,0
2,cirls,3,1,0.502908915700667,-0.497091084299333,0.32082774611321,0.350019695721702,0.326602599751722,1.79998572706823,0.6056,0.9508
2,glm,1,5,4.99682421225289,-0.00317578774710636,0.317103379367281,0.100554583378644,0.316648381287151,-0.143485724131376,0.9476,0.9471
2,glm,2,-1,-0.993739696776825,0.00626030322317483,0.358032366759046,0.128213548325966,0.358454611144787,0.117934696676469,0.9508,0.9507
2,glm,3,1,1.00055720945439,0.000557209454388641,0.368423990305403,0.135722973491268,0.368677021398101,0.0686793203908076,0.9497,0.9498
3,cirls,1,5,5.10855650771362,0.108556507713624,0.706092651962563,0.510301491839187,0.708024958170257,0.273661849096385,0.9401,0.9445
3,cirls,2,-0.9,0.0440349681616467,0.944034968161647,0.163170272080409,0.917823896348987,0.357188230170309,118.905212092978,0,0.9678
3,cirls,3,1,0.462641822443515,-0.537358177556485,0.638972632051432,0.696999006895111,0.657643146132918,2.92195833513924,0.7945,0.9394
3,glm,1,5,4.99711166579257,-0.00288833420742751,0.711925312475523,0.506795309252811,0.712508412760617,0.0819046991131556,0.9443,0.9442
3,glm,2,-0.9,-0.907774974364914,-0.00777497436491359,0.766048616039149,0.586832249313657,0.771012447966857,0.647978708371433,0.9493,0.949
3,glm,3,1,1.00074187910129,0.000741879101285647,0.771718002360738,0.595489670684732,0.762659822306069,-1.1737681415956,0.9452,0.9452
4,cirls,1,5,4.98044228340174,-0.019557716598265,0.316402452172859,0.100483004968362,0.316370805229724,-0.0100021168982556,0.9481,0.9493
4,cirls,2,-0.9,0.000733991873563867,0.900733991873564,0.0145368957221238,0.811533024321588,0.116148024470696,698.987807926076,0,0
4,cirls,3,1,0.53308683204024,-0.46691316795976,0.317681987764936,0.318919659579965,0.318805336631046,0.35360798199886,0.6129,0.9451
4,glm,1,5,5.00708028308526,0.00708028308525765,0.316749185424658,0.100370143871105,0.316541314544592,-0.0656263345358066,0.9489,0.9494
4,glm,2,-0.9,-0.899072453961709,0.000927546038291038,0.357904944384431,0.128083999961555,0.359547592438223,0.458962101408411,0.9507,0.9508
4,glm,3,1,1.00068279092599,0.000682790925985222,0.370274989535839,0.137090323722427,0.364578299790179,-1.53850243917388,0.9456,0.9454
5,cirls,1,5,5.11147473752392,0.111474737523918,0.727709440023365,0.541934690102235,0.710810755233951,-2.3221747389825,0.9382,0.9407
5,cirls,2,-0.8,0.0787858190972748,0.878785819097275,0.239371341928927,0.82955742531939,0.417004881863487,74.2083569833945,0,0.9778
5,cirls,3,1,0.610322237984663,-0.389677762015337,0.666294736096858,0.595753038692129,0.679339331014187,1.95778147576902,0.8638,0.9428
5,glm,1,5,5.00220587244186,0.00220587244186188,0.733551982773496,0.538049567453015,0.716622607852382,-2.30786301702924,0.942,0.9419
5,glm,2,-0.8,-0.797530945498018,0.0024690545019822,0.837557825693748,0.701439057299834,0.84406674920489,0.777131239356654,0.9463,0.9462
5,glm,3,1,1.00094119898885,0.000941198988852587,0.755646067919147,0.570944765719209,0.753994745578761,-0.218531189467286,0.9467,0.9466
6,cirls,1,5,5.01718518557628,0.0171851855762837,0.312041860964803,0.0976557165853692,0.316394691241863,1.39495074910825,0.9509,0.9505
6,cirls,2,-0.8,0.00149813885038735,0.801498138850387,0.016907868205943,0.642685114000304,0.126924581566453,650.683528050212,0,2e-04
6,cirls,3,1,0.58073298639613,-0.41926701360387,0.31191409611402,0.273065503010598,0.319959567165676,2.57938680934582,0.665,0.9468
6,glm,1,5,4.99733147755476,-0.00266852244523985,0.312128044073919,0.097421294517861,0.316501115638485,1.40105051359336,0.9498,0.9497
6,glm,2,-0.8,-0.803295644033911,-0.00329564403391103,0.365453736229614,0.13355393895045,0.363618786721227,-0.502101723550119,0.9466,0.9465
6,glm,3,1,1.00133132758027,0.0013313275802731,0.366111862865422,0.134026264774303,0.366205112076502,0.0254701419259984,0.9491,0.9493
7,cirls,1,5,4.97286325501805,-0.0271367449819451,0.710705238342897,0.505787828542669,0.711832175724885,0.158566072288324,0.9491,0.9504
7,cirls,2,-0.7,0.0939035188992068,0.793903518899207,0.258881845470618,0.697295905253825,0.434015570850741,67.650060614235,0,0.9815
7,cirls,3,1,0.572595541307222,-0.427404458692778,0.72513048035574,0.708436203430059,0.751448465501142,3.62941372047838,0.8657,0.9437
7,glm,1,5,5.0018261395231,0.00182613952309829,0.711304047720737,0.505906187744632,0.712368921983775,0.149707325081305,0.9496,0.9496
7,glm,2,-0.7,-0.720997264216403,-0.0209972642164027,0.84937527681354,0.721807102130565,0.853762062061459,0.516471972715804,0.9487,0.9489
7,glm,3,1,0.992091703325345,-0.00790829667465542,0.841304108132717,0.707784364257045,0.841335210988972,0.00369698138340535,0.9459,0.9463
8,cirls,1,5,5.01654698716307,0.0165469871630739,0.315432356094734,0.0997614242985229,0.316534020692973,0.349255419411776,0.9507,0.951
8,cirls,2,-0.7,0.00402578837568145,0.704025788375681,0.0319058609590448,0.496670192863141,0.140073468841458,339.021122236006,0,0.4784
8,cirls,3,1,0.632472186992415,-0.367527813007585,0.31344694642224,0.233315856656743,0.318344909082285,1.56261297675777,0.7146,0.9435
8,glm,1,5,5.00594467035449,0.00594467035449053,0.315531089619375,0.0995852516351619,0.316585781047098,0.334259115003799,0.9505,0.9509
8,glm,2,-0.7,-0.702781004754883,-0.00278100475488319,0.369288097804468,0.136367795797571,0.36971284508674,0.11501786404613,0.9476,0.9478
8,glm,3,1,0.997421138767632,-0.00257886123236828,0.365883645046388,0.133864105153516,0.364079648973258,-0.493051847917703,0.9474,0.9472
9,cirls,1,5,5.08866888790775,0.0886688879077466,0.708533872909046,0.509832218717382,0.709176788037167,0.0907387991883946,0.9419,0.9459
9,cirls,2,-0.6,0.0942392116309261,0.694239211630926,0.245034005940351,0.542003742866699,0.401088231192347,63.6867624365508,0,0.984
9,cirls,3,1,0.689083137913925,-0.310916862086075,0.808292352475544,0.749940488547193,0.811354797500377,0.378878386694326,0.9033,0.9433
9,glm,1,5,4.99490057939768,-0.00509942060232493,0.715030620326045,0.511243665215528,0.714798403734752,-0.0324764541115186,0.9478,0.9481
9,glm,2,-0.6,-0.597768619188003,0.0022313808119967,0.764004415797494,0.583649356143662,0.773738855650389,1.2741339777119,0.9512,0.9513
9,glm,3,1,1.00724535851795,0.00724535851794661,0.871888054253259,0.760165255491672,0.866488949175334,-0.619242923628349,0.9457,0.9457
10,cirls,1,5,5.02557007537711,0.0255700753771073,0.31397506902856,0.0992243146918827,0.317420858679324,1.09747237620665,0.9517,0.952
10,cirls,2,-0.6,0.00785555258161328,0.607855552581613,0.0456618449252109,0.371573168385864,0.152204434630242,233.329577198503,0,0.8516
10,cirls,3,1,0.71770935856601,-0.28229064143399,0.318787509216335,0.181303319725965,0.324462617558018,1.78021665768333,0.8047,0.9441
10,glm,1,5,4.99117443328863,-0.0088255667113657,0.31505887738486,0.0993300606371631,0.318020549702011,0.940037729371213,0.9514,0.9511
10,glm,2,-0.6,-0.603731029473962,-0.00373102947396187,0.370825608312592,0.137511801198162,0.372321550696226,0.40340859695227,0.9525,0.9526
10,glm,3,1,1.00003219213429,3.21921342931741e-05,0.362143957822854,0.131135132399316,0.360378904984581,-0.487389834938656,0.9497,0.9497
11,cirls,1,5,5.02713251652204,0.0271325165220437,0.708049878436801,0.502020670344153,0.709810669675894,0.248681807979412,0.9469,0.947
11,cirls,2,-0.5,0.145751252277443,0.645751252277443,0.324410523943452,0.522226343644346,0.464060038223939,43.0471590696084,0,0.9832
11,cirls,3,1,0.635070275032985,-0.364929724967015,0.693147671259311,0.61357935296729,0.722662751079947,4.25812291441634,0.8689,0.9448
11,glm,1,5,5.00609164169159,0.00609164169158571,0.708353879009449,0.501752149484442,0.710251413164422,0.267879404800686,0.9475,0.9474
11,glm,2,-0.5,-0.494186178355193,0.00581382164480654,0.84309832526853,0.710777505114111,0.849795158601766,0.794312256652097,0.9489,0.9491
11,glm,3,1,0.994598637427018,-0.00540136257298163,0.813350261187346,0.661501668226431,0.825964970904857,1.5509566197343,0.9492,0.9493
12,cirls,1,5,4.99569878570149,-0.00430121429851038,0.317527887040995,0.100832377097256,0.316221910560347,-0.411295049646876,0.9476,0.9482
12,cirls,2,-0.5,0.0155110681345419,0.515511068134542,0.068791882154502,0.27048351118727,0.165189196009026,140.128908870413,0,0.9534
12,cirls,3,1,0.758298924545528,-0.241701075454472,0.316275888223878,0.158439844303904,0.323279337297664,2.21434808486844,0.8316,0.9455
12,glm,1,5,4.99823806447172,-0.00176193552827542,0.317536830668623,0.100822660283996,0.3162027935222,-0.42012044511921,0.9486,0.9483
12,glm,2,-0.5,-0.504258047267013,-0.00425804726701307,0.375230760178878,0.140802174538608,0.373962466468355,-0.33800366204475,0.9469,0.9467
12,glm,3,1,1.0079815277734,0.00798152777340277,0.364394221946138,0.13283357545843,0.361232957275699,-0.867539735826628,0.9453,0.9456
13,cirls,1,5,5.00814561406005,0.00814561406005154,0.716303142572455,0.513105234068384,0.710021594770178,-0.876939863717174,0.9452,0.9453
13,cirls,2,-0.4,0.161508280253149,0.561508280253149,0.336628354281506,0.428598865834233,0.450660018039886,33.8746461217646,0,0.9825
13,cirls,3,1,0.688495306626004,-0.311504693373996,0.754799545068912,0.66670055499494,0.769691126787301,1.97291874586776,0.8963,0.9443
13,glm,1,5,4.99431044949903,-0.00568955050097308,0.716245554078929,0.512988763953362,0.710197230495173,-0.844448324923186,0.9454,0.9451
13,glm,2,-0.4,-0.396518709264,0.00348129073600023,0.810155719136964,0.656298773406594,0.804558507697507,-0.690880938965588,0.9436,0.9435
13,glm,3,1,0.994116217299773,-0.00588378270022749,0.856893321807522,0.734227357240697,0.851944732149322,-0.577503585599382,0.9454,0.9453
14,cirls,1,5,5.00151384822521,0.00151384822521461,0.317661670348878,0.100901137651607,0.316164167819054,-0.47141429690869,0.9496,0.9497
14,cirls,2,-0.4,0.0265618633926243,0.426561863392624,0.0903347044206495,0.190114566087872,0.173762340202563,92.3539146078641,0,0.9716
14,cirls,3,1,0.792549138367815,-0.207450861632185,0.306478997409384,0.136955842907412,0.310054938321741,1.16678171835058,0.8402,0.9433
14,glm,1,5,4.99941716573201,-0.000582834267985888,0.317639999706317,0.100885419592272,0.316107765548469,-0.482380732673615,0.9492,0.9492
14,glm,2,-0.4,-0.391710402004854,0.00828959799514573,0.365689567495064,0.13378420432367,0.364282628662878,-0.384735840790551,0.9461,0.9461
14,glm,3,1,0.997076142846169,-0.00292385715383148,0.351772991118287,0.123740411797234,0.34731543162337,-1.26716934143978,0.9477,0.9475
15,cirls,1,5,5.04170268666412,0.0417026866641157,0.71351814571922,0.510796347531173,0.712286210184516,-0.172656510853386,0.9459,0.947
15,cirls,2,-0.3,0.182089426154611,0.48208942615461,0.348871644190533,0.354109467787876,0.445881575246257,27.8067686701252,0,0.9838
15,cirls,3,1,0.77214245575306,-0.22785754424694,0.717547114344568,0.566741434388333,0.725329740025592,1.0846152852461,0.9121,0.9443
15,glm,1,5,4.99885235451968,-0.00114764548032387,0.716900312493369,0.513895980537433,0.714460406431909,-0.340341051459947,0.947,0.9472
15,glm,2,-0.3,-0.299459392284043,0.000540607715957431,0.776867227728683,0.6034626295066,0.774356533177719,-0.323181936545869,0.9462,0.9462
15,glm,3,1,1.00064263731239,0.00064263731238956,0.785867189950906,0.617525894500025,0.785035693397366,-0.105806243621398,0.9462,0.9463
16,cirls,1,5,4.99427929753488,-0.00572070246512268,0.315175617909389,0.0993584629942471,0.316229766496247,0.334463875680102,0.9495,0.9498
16,cirls,2,-0.3,0.0422366132965548,0.342236613296555,0.113622691452292,0.130034724481957,0.184483318375534,62.3648551337086,0,0.9793
16,cirls,3,1,0.818816579849792,-0.181183420150208,0.317504170198126,0.133626248940718,0.325201502616549,2.42432482496848,0.8701,0.9437
16,glm,1,5,4.99545118112309,-0.00454881887691183,0.3151893454551,0.0993550808092408,0.316238586724467,0.332892365968673,0.9489,0.9492
16,glm,2,-0.3,-0.297065008132796,0.00293499186720386,0.362089333954791,0.131104189072508,0.360469567053103,-0.447339026531579,0.9493,0.9491
16,glm,3,1,0.99879234877639,-0.00120765122360977,0.36726923878145,0.134874663507208,0.364322979302689,-0.802206982685461,0.946,0.9461
17,cirls,1,5,5.0741893836236,0.0741893836235974,0.707088250631986,0.505427861444833,0.715717785749423,1.22043254285789,0.9439,0.9478
17,cirls,2,-0.2,0.249836400912095,0.449836400912095,0.428822466796329,0.386223106744033,0.517454042834125,20.6685943252811,0,0.9847
17,cirls,3,1,0.761925408498083,-0.238074591501917,0.753120115835897,0.623812701004592,0.768216129669201,2.00446296890486,0.9116,0.9457
17,glm,1,5,5.00114586925265,0.00114586925265314,0.718729080679738,0.516521147281944,0.724554225980254,0.810478587426444,0.9474,0.9475
17,glm,2,-0.2,-0.197391253867361,0.00260874613263851,0.851763388454773,0.72543512538135,0.863340610915948,1.3592063967645,0.9513,0.9511
17,glm,3,1,1.00010964543394,0.000109645433941319,0.849693619185184,0.721907060581489,0.85189499861629,0.25907920000825,0.9473,0.9474
18,cirls,1,5,4.99362694859979,-0.00637305140020672,0.322144981922861,0.103807627423293,0.316415245125918,-1.7786205337556,0.9446,0.9446
18,cirls,2,-0.2,0.0740578516170596,0.27405785161706,0.156090059675556,0.0994693763518039,0.212145464907261,35.9122197455878,0,0.9842
18,cirls,3,1,0.873324467217653,-0.126675532782347,0.326892027456166,0.122894402380333,0.336579705183029,2.96357112232188,0.9092,0.9475
18,glm,1,5,4.99699271515291,-0.00300728484708745,0.322167844300105,0.103790784451138,0.316398065602428,-1.790923209674,0.9443,0.944
18,glm,2,-0.2,-0.198592341254327,0.00140765874567295,0.383546623535602,0.147095283127463,0.381502675089366,-0.532907427888241,0.9521,0.9526
18,glm,3,1,1.00491131350689,0.00491131350688723,0.367126556386284,0.134792551213574,0.369762152462472,0.717898509475989,0.9489,0.9492
19,cirls,1,5,4.99715866884528,-0.0028413311547153,0.717085998244638,0.514168980808351,0.719141698291681,0.286674130031206,0.9487,0.9488
19,cirls,2,-0.1,0.248395313869064,0.348395313869064,0.40464005556103,0.2850964959329,0.467203437808135,15.4614901286433,0,0.9836
19,cirls,3,1,0.76869290220803,-0.23130709779197,0.786820731019748,0.672527927565119,0.803782506371029,2.15573569462231,0.9138,0.9441
19,glm,1,5,4.99299472544397,-0.00700527455603162,0.717053004491005,0.514162668620058,0.719063238702065,0.280346668721787,0.9485,0.9485
19,glm,2,-0.1,-0.113491103874988,-0.0134911038749878,0.757828418062384,0.574428490715578,0.763339984641244,0.727284230505965,0.947,0.9468
19,glm,3,1,1.01195727768888,0.0119572776888848,0.897062952184548,0.804784444477769,0.900393564024375,0.371279611059117,0.9457,0.9458
20,cirls,1,5,5.01310889047391,0.0131088904739096,0.317543072490172,0.100995362535667,0.317017380082314,-0.165549953187771,0.9485,0.9485
20,cirls,2,-0.1,0.100130117709343,0.200130117709343,0.176851413400923,0.0713253587940176,0.213831458454293,20.9102343838982,0,0.9829
20,cirls,3,1,0.907831107891281,-0.0921688921087186,0.333009049840227,0.119379042445312,0.333861517350865,0.255989292497483,0.9173,0.9478
20,glm,1,5,4.99831731941313,-0.0016826805868746,0.318335916188536,0.101330453173998,0.31778250464165,-0.17384514870693,0.9482,0.9484
20,glm,2,-0.1,-0.0938647102796116,0.00613528972038842,0.356277454673661,0.126958573126225,0.359741165276848,0.972194720083897,0.9506,0.9501
20,glm,3,1,0.997211533161261,-0.00278846683873901,0.360881387696213,0.130230127995257,0.359509556929218,-0.380133421607765,0.9492,0.9484
21,cirls,1,5,4.9741715691026,-0.0258284308974037,0.709981938434674,0.50469105331079,0.714183941967019,0.591846539308927,0.9459,0.9467
21,cirls,2,0,0.340114469341084,0.340114469341084,0.496231825480226,0.361899252272143,0.550936525362412,11.024020845347,0,0.9852
21,cirls,3,1,0.933899420311558,-0.0661005796884415,0.75386822328605,0.572629752985806,0.755751581915932,0.249825973785178,0.9424,0.944
21,glm,1,5,5.01050420335316,0.0105042033531566,0.714552718502372,0.510644867248463,0.717753765288394,0.447979092813577,0.946,0.9461
21,glm,2,0,-0.00262879297994966,-0.00262879297994966,0.856809231208354,0.734055557030514,0.867708087607848,1.27202835853242,0.9502,0.9497
21,glm,3,1,1.01108790912114,0.0110879091211364,0.772148128591842,0.596276052943314,0.770727681923682,-0.183960384745219,0.9464,0.9461
22,cirls,1,5,5.00178556042316,0.00178556042316025,0.316362060583521,0.100078133107338,0.316775558563348,0.130704035453588,0.9487,0.9492
22,cirls,2,0,0.139391577862213,0.139391577862213,0.202090767874279,0.0602666063710873,0.223323681217951,10.5066221317348,0,0.9846
22,cirls,3,1,0.936152485670925,-0.0638475143290751,0.343853153161464,0.122299672525989,0.343908524087297,0.0161030734558087,0.9302,0.9459
22,glm,1,5,4.99996112192388,-3.88780761220175e-05,0.316357738872624,0.10007221223421,0.31678053350735,0.133644473573535,0.9493,0.9493
22,glm,2,0,0.000394993610376889,0.000394993610376889,0.348635905631751,0.121534996016154,0.351071875344201,0.698714525124933,0.9514,0.9515
22,glm,3,1,1.00137853284462,0.00137853284462164,0.368616319665194,0.135866303677204,0.366642804346186,-0.535384684216145,0.9485,0.9487
23,cirls,1,5,4.99623737160127,-0.00376262839872776,0.705479122274286,0.497665179258168,0.708842667604026,0.476774609416708,0.9503,0.9503
23,cirls,2,0.1,0.402328068073416,0.302328068073416,0.546550664152167,0.39009001746733,0.57213476582127,4.68101190743047,0.8688,0.9826
23,cirls,3,1,0.857793484592748,-0.142206515407252,0.672192877358659,0.47202077306955,0.678611136467919,0.954824028258061,0.9256,0.9464
23,glm,1,5,5.00718647621447,0.00718647621446777,0.706225787586436,0.498756633006157,0.709259281673095,0.42953601241702,0.9495,0.9496
23,glm,2,0.1,0.108277574003878,0.00827757400387795,0.868085091359134,0.753564886898802,0.873413729518315,0.613838229941011,0.9464,0.9462
23,glm,3,1,0.990757947977104,-0.00924205202289607,0.737758845429796,0.544319100724099,0.741286182003531,0.478115117912226,0.9485,0.9481
24,cirls,1,5,4.99801767692293,-0.00198232307707258,0.319930019642384,0.102348911551412,0.316874267716724,-0.955131353124195,0.9453,0.9453
24,cirls,2,0.1,0.196453558612262,0.0964535586122623,0.242497947639806,0.068102663053026,0.249241537968491,2.78088552679285,0.9502,0.9832
24,cirls,3,1,0.947981961926284,-0.0520180380737157,0.316115943020734,0.102625172787983,0.321629226309409,1.74406998773677,0.9421,0.9536
24,glm,1,5,5.00212217979359,0.00212217979358886,0.320058068701316,0.102431427271159,0.317072056159254,-0.932959620164608,0.9468,0.9468
24,glm,2,0.1,0.0935928565497266,-0.00640714345027345,0.363212577488391,0.131951235595308,0.369064417363804,1.61113360001974,0.952,0.9526
24,glm,3,1,0.998976778317292,-0.0010232216827083,0.343275358539332,0.117827234965741,0.34879347076998,1.60748859286841,0.9545,0.9545
25,cirls,1,5,5.01508033430467,0.0150803343046713,0.710405687948435,0.504853190328082,0.707150188483149,-0.458259206044298,0.9468,0.947
25,cirls,2,0.2,0.432670114586796,0.232670114586796,0.529518584131067,0.334497274168909,0.53393544192288,0.834127058838008,0.9356,0.9845
25,cirls,3,1,0.883384452697663,-0.116615547302337,0.780944144299339,0.623411955012398,0.781696040856375,0.0962804526450034,0.9368,0.9474
25,glm,1,5,5.00762519331818,0.00762519331817924,0.71065315111205,0.505035541968507,0.707294304017647,-0.472642257217393,0.9466,0.9465
25,glm,2,0.2,0.213422440578029,0.0134224405780287,0.788683299104242,0.622139306062393,0.786610445737882,-0.262824554382535,0.948,0.9486
25,glm,3,1,0.988754534700345,-0.0112454652996548,0.830002366453217,0.688961498414913,0.829495260249365,-0.0610969587976351,0.945,0.945
26,cirls,1,5,5.00444845189993,0.00444845189993259,0.31858362281107,0.10150516389526,0.316913495510456,-0.524235139859708,0.9508,0.9513
26,cirls,2,0.2,0.274008972736348,0.0740089727363482,0.282445801915237,0.0852449815019291,0.267117833564512,-5.4268706586496,0.9628,0.979
26,cirls,3,1,0.95832510252334,-0.0416748974766596,0.361928153388863,0.132715686096341,0.357904481767775,-1.11173214446366,0.9438,0.953
26,glm,1,5,5.00132631735141,0.00132631735140976,0.318776815904425,0.101610255610044,0.317147697537009,-0.511052964373537,0.9515,0.9514
26,glm,2,0.2,0.209093486488729,0.0090934864887291,0.368418664738297,0.135801430792818,0.368779893332701,0.0980483968314516,0.9486,0.9492
26,glm,3,1,0.995658674908587,-0.00434132509141305,0.386754478414612,0.149582915774651,0.386618078220703,-0.0352679028999492,0.9512,0.9512
27,cirls,1,5,5.00787254889615,0.00787254889614886,0.70905263289266,0.502767337674514,0.709663461407453,0.086147133013359,0.9471,0.9474
27,cirls,2,0.3,0.49830727703914,0.19830727703914,0.578522686250843,0.373980805783719,0.564755245863945,-2.37975808280205,0.9539,0.9806
27,cirls,3,1,0.878022494315397,-0.121977505684603,0.787131402251504,0.634392398719016,0.79142593138702,0.545592403407125,0.9377,0.9494
27,glm,1,5,5.00014564659904,0.000145646599036375,0.709388239043084,0.50318137173821,0.709995313433994,0.0855771716385956,0.9478,0.9479
27,glm,2,0.3,0.295980781186416,-0.00401921881358397,0.824690533966261,0.680062619485748,0.814902948816607,-1.1868191456718,0.9429,0.9424
27,glm,3,1,0.998156153259962,-0.00184384674003779,0.858717423857982,0.737325274246686,0.864945938137263,0.725327576480095,0.9487,0.9486
28,cirls,1,5,4.99784936861564,-0.00215063138435756,0.320846377501339,0.102936728931288,0.318937255004185,-0.595026975844959,0.9498,0.95
28,cirls,2,0.3,0.348082553371879,0.0480825533718787,0.309395334045306,0.0980278321204933,0.287215294260625,-7.16883460868006,0.9733,0.9813
28,cirls,3,1,0.975827418387379,-0.0241725816126206,0.349983106930169,0.123060240020799,0.343978754329341,-1.71561212010901,0.9503,0.9542
28,glm,1,5,5.00007151030397,7.15103039672371e-05,0.321004356011228,0.103033497312249,0.31914332944323,-0.579751188152933,0.9499,0.9499
28,glm,2,0.3,0.301666881230706,0.00166688123070624,0.377699263610194,0.142645246551347,0.377813868226163,0.0303428221895441,0.9533,0.9533
28,glm,3,1,1.00050582310857,0.00050582310857239,0.368238762358904,0.135586481982024,0.367936035727258,-0.0822093333430307,0.9476,0.9477
29,cirls,1,5,4.99824698058216,-0.00175301941784411,0.719292064150005,0.5173324085189,0.712792181711081,-0.903649958463637,0.9459,0.9458
29,cirls,2,0.4,0.584706647037124,0.184706647037124,0.634140108213292,0.436210008936778,0.620950825817275,-2.07986882160455,0.9629,0.9816
29,cirls,3,1,0.889867565793306,-0.110132434206694,0.771306619589182,0.60698356309624,0.767604037909157,-0.480040179351326,0.9365,0.9499
29,glm,1,5,4.99706070074336,-0.00293929925663505,0.719306759189335,0.517359113074202,0.712863871868588,-0.895707879626784,0.9451,0.9451
29,glm,2,0.4,0.400116616014565,0.00011661601456503,0.872753127812786,0.761621865904085,0.87794188370193,0.594527332390915,0.9476,0.9476
29,glm,3,1,1.00302036109671,0.003020361096715,0.852959387153823,0.727476084743367,0.856709871873331,0.43970261374604,0.9483,0.9481
30,cirls,1,5,4.99742802030235,-0.00257197969764889,0.320706307027832,0.102848865193458,0.319353222495029,-0.421907677882039,0.9489,0.9491
30,cirls,2,0.4,0.423876087650109,0.0238760876501085,0.326230148798069,0.106985534935288,0.295309988510845,-9.47802047148105,0.972,0.9755
30,cirls,3,1,0.98666080039637,-0.0133391996036301,0.37348284258741,0.139653419009867,0.362469464633809,-2.94883102990816,0.9456,0.9465
30,glm,1,5,4.99854890128997,-0.00145109871002891,0.320769048735337,0.102884599035777,0.319505689611816,-0.393853187675774,0.9496,0.9498
30,glm,2,0.4,0.39732350655928,-0.00267649344071985,0.369972959857584,0.136873466643817,0.369494040510851,-0.129447121464388,0.9499,0.9503
30,glm,3,1,1.00018487050943,0.000184870509428059,0.384440269641322,0.147779575666906,0.379728849036977,-1.22552733841877,0.9448,0.9447
31,cirls,1,5,5.00829189523011,0.00829189523010676,0.714708817062866,0.510826367844589,0.715012519929984,0.042493230790952,0.9466,0.9468
31,cirls,2,0.5,0.631184511082041,0.131184511082041,0.645026323607441,0.433226728198551,0.61557643860697,-4.56568730959174,0.9676,0.979
31,cirls,3,1,0.938409311289511,-0.0615906887104887,0.72945210921886,0.535840582541712,0.721988327962738,-1.02320373905215,0.9427,0.9478
31,glm,1,5,4.99704516120991,-0.00295483879008618,0.716034765744329,0.512663246248237,0.716394369688609,0.0502215760299851,0.9476,0.9475
31,glm,2,0.5,0.477633478093955,-0.022366521906045,0.851961932687419,0.726266812137181,0.850535469241359,-0.167432767983022,0.9453,0.9453
31,glm,3,1,1.00654840877496,0.00654840877496476,0.770756642538681,0.594049277094782,0.767553553243094,-0.415577254713817,0.9459,0.946
32,cirls,1,5,4.99617806649775,-0.00382193350225002,0.313687231806875,0.0984044466064159,0.316545679306666,0.911241265169282,0.9512,0.9515
32,cirls,2,0.5,0.522432980769768,0.0224329807697683,0.344958938982681,0.119488008543316,0.311644972930761,-9.65737143967539,0.9711,0.9748
32,cirls,3,1,0.988024135545682,-0.0119758644543176,0.346606634022823,0.120267566462184,0.338580685343949,-2.31557849476863,0.9486,0.9494
32,glm,1,5,4.99687158337965,-0.00312841662034646,0.313703736091405,0.0984099800248526,0.31665156297503,0.939684978047617,0.9512,0.9519
32,glm,2,0.5,0.507130203366118,0.00713020336611758,0.373531033036656,0.139562319898209,0.371856265152834,-0.448361109438911,0.9479,0.9483
32,glm,3,1,0.99508700013213,-0.00491299986787008,0.353236398627879,0.124787613287964,0.351306953333817,-0.546219274558546,0.9445,0.9441
33,cirls,1,5,5.00705186301982,0.00705186301982241,0.715601172592013,0.512083558483293,0.708765885013171,-0.955181159651153,0.944,0.9443
33,cirls,2,0.6,0.747674379485475,0.147674379485474,0.721579534989282,0.542432679969237,0.678130369796769,-6.02139654544922,0.9681,0.9801
33,cirls,3,1,0.949567136032952,-0.0504328639670485,0.704652030199203,0.499028303983411,0.696475706442127,-1.16033494642246,0.9439,0.9479
33,glm,1,5,4.99841932791166,-0.00158067208833934,0.716476639474509,0.513289939559445,0.709837112349344,-0.9266913614985,0.9458,0.9454
33,glm,2,0.6,0.605859156767108,0.00585915676710802,0.919300274984563,0.845062814005155,0.917907022642329,-0.151555740833087,0.9462,0.9462
33,glm,3,1,0.991698936873709,-0.00830106312629086,0.724344478673455,0.524691363941368,0.720272110744495,-0.56221425700913,0.9464,0.9463
34,cirls,1,5,5.00031580100979,0.000315801009786121,0.318385675663762,0.101359401254301,0.31707688358108,-0.411071283264675,0.9473,0.9473
34,cirls,2,0.6,0.607549685465358,0.00754968546535761,0.36556295882916,0.133679910990869,0.328513256690264,-10.1349716222783,0.9702,0.9708
34,cirls,3,1,0.992007814651328,-0.00799218534867219,0.35440196612498,0.12565206854454,0.349566824248853,-1.36431011627698,0.9528,0.9541
34,glm,1,5,4.99987879265292,-0.000121207347081764,0.318447509392095,0.101398690047626,0.317214878864063,-0.387074946946575,0.9466,0.9467
34,glm,2,0.6,0.598053815025374,-0.00194618497462606,0.384548837981301,0.147866808647845,0.381067292807355,-0.905358391465461,0.9479,0.948
34,glm,3,1,0.996328231386398,-0.00367176861360186,0.358399778435916,0.128451038027547,0.360404007837645,0.55921613860237,0.9511,0.9515
35,cirls,1,5,4.99833180627332,-0.00166819372668403,0.716086369281118,0.512731193171696,0.709807186545823,-0.876875053717152,0.9463,0.9464
35,cirls,2,0.7,0.801107127164876,0.101107127164876,0.711902614571007,0.516977303263307,0.654315814182397,-8.08914017309966,0.9693,0.9779
35,cirls,3,1,0.912906933320624,-0.0870930666793757,0.98707549178724,0.981805796947992,0.961746700739449,-2.56604396102774,0.947,0.9534
35,glm,1,5,4.99381717007472,-0.00618282992528307,0.716356313813116,0.513153279088967,0.71022232407049,-0.856276356381269,0.946,0.9459
35,glm,2,0.7,0.698852402606391,-0.00114759739360959,0.863772559689982,0.746029741549674,0.859009961180866,-0.551371823020785,0.9465,0.9465
35,glm,3,1,0.986542018461026,-0.0134579815389743,1.04977633230369,1.10210126209731,1.04197316816892,-0.74331682803761,0.9436,0.9438
36,cirls,1,5,5.00168650838844,0.00168650838844098,0.311009552355692,0.0967201132728669,0.316354333550192,1.71852637773235,0.95,0.9502
36,cirls,2,0.7,0.708456314452091,0.00845631445209105,0.360890592414786,0.130300504745639,0.329110392747201,-8.80604824163973,0.9635,0.9627
36,cirls,3,1,0.997817584363948,-0.00218241563605193,0.377975141951649,0.142855684350584,0.367740973702568,-2.70762997699741,0.9518,0.9522
36,glm,1,5,5.00160787192138,0.00160787192138034,0.311020991182609,0.0967269688026322,0.316355805730979,1.71525868015707,0.9511,0.9512
36,glm,2,0.7,0.704436161190175,0.00443616119017498,0.370004991964363,0.136909683235245,0.365709235716729,-1.16099953809471,0.9456,0.9462
36,glm,3,1,0.999935477887106,-6.45221128939832e-05,0.380543146650849,0.144798609317386,0.377254623576553,-0.86416562832311,0.9471,0.9471
37,cirls,1,5,4.99552692668464,-0.00447307331536084,0.715404586750759,0.511772550756635,0.711824305519068,-0.50045544828734,0.9443,0.9441
37,cirls,2,0.8,0.869025893191716,0.0690258931917164,0.697746562926929,0.49156615498065,0.634592780034603,-9.05110626807064,0.9714,0.9762
37,cirls,3,1,0.969220663204109,-0.0307793367958905,0.789598686254705,0.624351106300217,0.767295210801712,-2.82465964562124,0.9437,0.945
37,glm,1,5,4.98727314119336,-0.0127268588066372,0.717113187207912,0.514361871070248,0.714218773909621,-0.40362014671087,0.9435,0.9442
37,glm,2,0.8,0.797532591254591,-0.00246740874540918,0.813223014118752,0.661271625631236,0.805762533842802,-0.917396599263021,0.9443,0.9445
37,glm,3,1,0.997787045074395,-0.00221295492560514,0.807074586239202,0.651309147983907,0.792517867473385,-1.80363983874759,0.9412,0.9412
38,cirls,1,5,5.00379344591883,0.00379344591883424,0.316726241469938,0.100319870716409,0.318346916859279,0.511695962361425,0.9486,0.9487
38,cirls,2,0.8,0.801049172055014,0.00104917205501387,0.359313499128423,0.129094380798847,0.334780675849276,-6.82769318120695,0.9607,0.9605
38,cirls,3,1,0.99904846146573,-0.000951538534270435,0.365947443272755,0.133905044910325,0.361862643238774,-1.11622587042832,0.9506,0.9505
38,glm,1,5,5.00372126981664,0.00372126981664245,0.316740655563372,0.100328458271474,0.318374700494841,0.515893650773314,0.9485,0.9485
38,glm,2,0.8,0.798955772159051,-0.00104422784094949,0.364657370380462,0.1329627906848,0.362081239451461,-0.706452450505279,0.9481,0.948
38,glm,3,1,1.00010735798991,0.000107357989908463,0.36722297092557,0.134839236630103,0.368513144648726,0.351332521465997,0.9476,0.9476
39,cirls,1,5,5.0014830991936,0.00148309919360123,0.702299786314756,0.493177866941984,0.70844035257987,0.874351151000163,0.9483,0.9481
39,cirls,2,0.9,0.946271822488336,0.0462718224883354,0.692543345052303,0.481709404704148,0.6263330720087,-9.56045184992753,0.9738,0.9761
39,cirls,3,1,0.995577543419502,-0.00442245658049756,0.858370961354654,0.73674658534839,0.855070803089824,-0.384467603566474,0.9499,0.9501
39,glm,1,5,5.00018056347898,0.000180563478983764,0.702330164558693,0.493218365886206,0.708623369299569,0.896046483327373,0.9487,0.9487
39,glm,2,0.9,0.898056775151618,-0.00194322484838172,0.774928055696878,0.600457216279804,0.772284677431517,-0.341112732456639,0.9486,0.9485
39,glm,3,1,1.0155997076415,0.0155997076415024,0.870019448306898,0.757101497926696,0.875428539733657,0.621720748574739,0.9461,0.9469
40,cirls,1,5,5.00409053010078,0.00409053010078164,0.317387687313609,0.100741603000381,0.317755299197952,0.115824242412943,0.9492,0.9492
40,cirls,2,0.9,0.908576968480313,0.00857696848031264,0.360382988696842,0.129936475340527,0.346984584508231,-3.71782370667946,0.9616,0.9627
40,cirls,3,1,0.999276232355079,-0.000723767644921214,0.36641552380771,0.134247433893274,0.361440159688199,-1.35784752452859,0.9524,0.9524
40,glm,1,5,5.00402930669401,0.00402930669400625,0.31739078265393,0.100743070535217,0.317926122407485,0.168668966716257,0.9498,0.9498
40,glm,2,0.9,0.90787376144734,0.00787376144733942,0.362332346408084,0.131333596899992,0.367210333399826,1.34627422588653,0.9534,0.9531
40,glm,3,1,0.999655566443841,-0.000344433556159318,0.366974473199706,0.134656915588278,0.367254923473074,0.0764222837962514,0.951,0.951
41,cirls,1,5,5.00187628909327,0.00187628909326953,0.697700820686369,0.486741277003676,0.708101892475787,1.49076387486331,0.9498,0.9498
41,cirls,2,1,1.05585986309854,0.0558598630985367,0.786172037862154,0.621124990774408,0.703717314003421,-10.4881272657512,0.9703,0.9731
41,cirls,3,1,0.978353402841605,-0.0216465971583949,0.855958122881951,0.733059616865319,0.816201291797789,-4.6447168408548,0.9473,0.947
41,glm,1,5,4.99837608671135,-0.0016239132886513,0.698062693217052,0.487245431603448,0.70892527815344,1.55610449346986,0.9503,0.9501
41,glm,2,1,1.00031450536726,0.000314505367256412,0.880442723687108,0.77510197066823,0.869745093742597,-1.2150284915425,0.9441,0.9441
41,glm,3,1,1.01101958064992,0.0110195806499183,0.887726649723802,0.788101229927083,0.869818909812049,-2.01725834380715,0.9429,0.9432
42,cirls,1,5,5.00061308162298,0.000613081622984346,0.320999123218649,0.103030508932507,0.317866823124927,-0.975797087018315,0.9466,0.9466
42,cirls,2,1,0.999380491826403,-0.000619508173597016,0.366582184550237,0.134369443570198,0.354883513784772,-3.19128186216079,0.9579,0.958
42,cirls,3,1,0.996935015653108,-0.00306498434689162,0.360375463624498,0.12986688186414,0.361867258303297,0.413955673839506,0.9541,0.9535
42,glm,1,5,5.00059964327937,0.00059964327936779,0.321001396711774,0.103031952073303,0.317887935476363,-0.969921398256934,0.9457,0.9457
42,glm,2,1,0.999047957477772,-0.000952042522228358,0.367655809327468,0.135158183437787,0.370581376920636,0.795735445747225,0.9509,0.9509
42,glm,3,1,0.997094244707636,-0.00290575529236425,0.360615098585281,0.130038688416558,0.365521395445433,1.36053561800369,0.9521,0.9517
43,cirls,1,1,0.592566144824902,-0.407433855175098,0.0748776418227591,0.171608446921656,0.0827331141547163,10.4910786995025,0.003000600120024,0.896179235847169
43,cirls,2,0.999999999986112,0.592600186879726,-0.407399813106386,0.0748589080786826,0.171577903452239,0.0774052526791172,3.40152517020171,0.0103020604120824,0.760852170434087
43,cirls,3,0.5,0.592600186879726,0.0926001868797265,0.0748589080786826,0.014178090343281,0.0779075710191038,4.07254529710315,0.259651930386077,0.660932186437287
43,cirls,4,1.3888001859641e-11,0.592600186879726,0.592600186865838,0.0748589080786826,0.356778277206547,0.082086857490562,9.65542992462865,0,0.535607121424285
43,cirls,5,0,0.592600186879726,0.592600186879726,0.0748589080786826,0.356778277223008,0.0889106862567153,18.7710167549641,0,0.367873574714943
43,glm,1,1,0.992252636700522,-0.00774736329947767,0.134274289710681,0.0180878035569144,0.133476431670449,-0.594200156971181,0.953490698139628,0.953490698139628
43,glm,2,0.999999999986112,0.986829190232524,-0.0131708097535883,0.150255592564315,0.022747955652109,0.148927350036332,-0.883988745653164,0.953290658131626,0.947189437887577
43,glm,3,0.5,0.485900139743336,-0.0140998602566645,0.15977833633688,0.0257253699101623,0.157886012943243,-1.18434290719334,0.948389677935587,0.950690138027605
43,glm,4,1.3888001859641e-11,-0.063209256640948,-0.063209256654836,0.44404526003244,0.201151885464839,22.2929147781134,4920.41498573472,0.957091418283657,0.938387677535507
43,glm,5,0,-0.0201975727060534,-0.0201975727060534,0.192638278623634,0.0375137373836542,0.192725770696908,0.0454178026814356,0.944588917783557,0.95749149829966
44,cirls,1,1,0.616499034342546,-0.383500965657454,0.0327005443869737,0.148142209330844,0.0339056561487547,3.68529571715959,0,0.3855
44,cirls,2,0.999999999986112,0.616499034342546,-0.383500965643566,0.0327005443869737,0.148142209320192,0.0331978529342996,1.5207959275565,0,0.2554
44,cirls,3,0.5,0.616499034342546,0.116499034342546,0.0327005443869737,0.0146412436733898,0.0333072686838092,1.85539509573776,1e-04,0.2079
44,cirls,4,1.3888001859641e-11,0.616499034342546,0.616499034328658,0.0327005443869737,0.381140277998812,0.0337920601354649,3.33791308051119,0,0.1569
44,cirls,5,0,0.616499034342546,0.616499034342546,0.0327005443869737,0.381140278015936,0.0362165752861325,10.7522090689089,0,0.0896
44,glm,1,1,0.998578281666227,-0.0014217183337728,0.0584516085150583,0.00341827016196442,0.0587274834645791,0.471971527438364,0.9466,0.951
44,glm,2,0.999999999986112,0.998702994299479,-0.00129700568663338,0.0601398104078169,0.00361811733995973,0.0604459346053133,0.509020888859602,0.9524,0.9524
44,glm,3,0.5,0.496338820118389,-0.00366117988161069,0.0755176637085275,0.00571575147836656,0.0755354229039248,0.0235166112472651,0.9513,0.9516
44,glm,4,1.3888001859641e-11,-0.0068466234117759,-0.0068466234256639,0.104104308546375,0.0108834995395459,0.103777950354871,-0.313491531773313,0.9508,0.9434
44,glm,5,0,-0.00600920749292108,-0.00600920749292108,0.105424186832197,0.011149258318006,0.105438070261282,0.013169111854161,0.9514,0.945
45,cirls,1,0.9,0.481316810714898,-0.418683189285102,0.0788605015056455,0.181513969789796,0.0896065186498801,13.6266152751581,0.0017,0.9271
45,cirls,2,0.899999999987501,0.481501097296,-0.418498902691501,0.0786243473533483,0.18132250137193,0.0826474002382078,5.11680289920804,0.0079,0.843
45,cirls,3,0.45,0.481501097296,0.0315010972960003,0.0786243473533483,0.00717348894879237,0.0824313582504929,4.84202543524519,0.623,0.7556
45,cirls,4,1.24992238781374e-11,0.481501097296,0.481501097283501,0.0786243473533483,0.238024476503156,0.0858993636034388,9.25287966766271,0,0.6269
45,cirls,5,0,0.481837144799824,0.481837144799824,0.0786143855101728,0.238346637695828,0.107965457125438,37.3354970910093,0,0.3811
45,glm,1,0.9,0.890058541354615,-0.00994145864538509,0.148560897172941,0.0221669657348101,0.147836899256395,-0.487340834851779,0.9512,0.9512
45,glm,2,0.899999999987501,0.885429347421611,-0.0145706525658904,0.173403969047501,0.0302782335039743,0.172980921111132,-0.243966697355891,0.9503,0.94
45,glm,3,0.45,0.436599900494552,-0.0134000995054481,0.161350646980154,0.0262109905445421,0.16184577009869,0.306861563806726,0.9528,0.9451
45,glm,4,1.24992238781374e-11,-0.021842231883217,-0.0218422318957162,0.204260616731743,0.0421953104018633,0.204373802518677,0.0554124376717535,0.956,0.9455
45,glm,5,0,-0.0319622160832701,-0.0319622160832701,0.256487847077081,0.06680102035362,0.250745736440351,-2.23874569581649,0.9476,0.9476
46,cirls,1,0.9,0.527780232167196,-0.372219767832804,0.0345646137523132,0.1397421486181,0.035833465630862,3.67095633598358,0,0.5866
46,cirls,2,0.899999999987501,0.527780232167196,-0.372219767820304,0.0345646137523132,0.139742148608796,0.0347863692020405,0.641567851203062,0,0.4265
46,cirls,3,0.45,0.527780232167196,0.0777802321671965,0.0345646137523132,0.00724435756857719,0.0348774198634622,0.904989459423877,0.0086,0.3572
46,cirls,4,1.24992238781374e-11,0.527780232167196,0.527780232154697,0.0345646137523132,0.27974656650586,0.0353508413218737,2.27466036564035,0,0.2865
46,cirls,5,0,0.527780232167196,0.527780232167196,0.0345646137523132,0.279746566519054,0.0383780996928342,11.0329192967354,0,0.1801
46,glm,1,0.9,0.896718525207358,-0.00328147479264251,0.0644840705987196,0.00416854761825931,0.0639341650590699,-0.852777336393273,0.9514,0.948
46,glm,2,0.899999999987501,0.898013432406925,-0.00198656758057636,0.0636549224548144,0.00405549040856536,0.0642130068724045,0.876734109583155,0.9506,0.9506
46,glm,3,0.45,0.447224625194614,-0.00277537480538648,0.0788147327828953,0.00621884363273919,0.0792982238360604,0.613452632640388,0.9522,0.948
46,glm,4,1.24992238781374e-11,-0.00429793840060323,-0.00429793841310245,0.0963113768703192,0.00929342600112801,0.0962125845094518,-0.102576003041099,0.9487,0.9491
46,glm,5,0,-0.00728622466052178,-0.00728622466052178,0.107972575391695,0.0117100002988153,0.106104536831643,-1.73010466155471,0.9436,0.9444
47,cirls,1,0.8,0.383162503464951,-0.416837496535049,0.0832842773968738,0.180689075752041,0.0999748392647369,20.0404714905885,0.0013,0.9402
47,cirls,2,0.79999999998889,0.384065759675627,-0.415934240313262,0.0825312507764743,0.179812018478965,0.0881116621242064,6.7615737011498,0.0074,0.8934
47,cirls,3,0.4,0.384065759675627,-0.0159342403243727,0.0825312507764743,0.00706462622870868,0.0871395186516231,5.58366416574709,0.8605,0.8161
47,cirls,4,1.11104458966338e-11,0.384065759675627,0.384065759664517,0.0825312507764743,0.154317233960676,0.0896661197679516,8.64505132825526,3e-04,0.7063
47,cirls,5,0,0.384608204536542,0.384608204536542,0.0824660316753165,0.154723437312459,0.102085512563955,23.7909845909452,1e-04,0.5009
47,glm,1,0.8,0.781202463078116,-0.0187975369218842,0.170969730827635,0.0295810731887175,0.170428954486757,-0.316299463220993,0.9471,0.9471
47,glm,2,0.79999999998889,0.782759017091058,-0.0172409828978322,0.184490854295683,0.0343307231225024,0.182280601790267,-1.19802822413824,0.9535,0.9535
47,glm,3,0.4,0.383906897175067,-0.0160931028249329,0.178851161177702,0.0322435270393607,0.177408917495436,-0.806393244957648,0.947,0.9582
47,glm,4,1.11104458966338e-11,-0.0241699535971011,-0.0241699536082115,0.21626149252585,0.0473485429036162,0.213613366799876,-1.22450173400919,0.9503,0.954
47,glm,5,0,-0.021891132311705,-0.021891132311705,0.204477978042794,0.0422862840540077,0.204380320745348,-0.0477593227308115,0.9579,0.9474
48,cirls,1,0.8,0.455069725790181,-0.344930274209819,0.0358452512339768,0.120261647614284,0.0374963546951244,4.60619860179035,0,0.7607
48,cirls,2,0.79999999998889,0.455069725790181,-0.344930274198709,0.0358452512339768,0.12026164760662,0.0361966678961143,0.98037159746398,0,0.6087
48,cirls,3,0.4,0.455069725790181,0.0550697257901811,0.0358452512339768,0.00431742824642905,0.0362733544755608,1.19430950222552,0.0928,0.5345
48,cirls,4,1.11104458966338e-11,0.455069725790181,0.455069725779071,0.0358452512339768,0.208373208868462,0.0367951994939703,2.65013698409537,0,0.4473
48,cirls,5,0,0.455069725790181,0.455069725790181,0.0358452512339768,0.208373208878574,0.0394478496492714,10.0504203242405,0,0.3151
48,glm,1,0.8,0.797325838797766,-0.00267416120223396,0.0671569489061282,0.00451675591893722,0.066864228391083,-0.435875244205042,0.9467,0.951
48,glm,2,0.79999999998889,0.798561752683847,-0.00143824730504283,0.0696233830446163,0.00484899928034117,0.0692721220760063,-0.504515800941319,0.9491,0.9441
48,glm,3,0.4,0.395961501565039,-0.00403849843496151,0.0829271065376845,0.00689252677782179,0.0817725017880583,-1.3923128369389,0.9475,0.9475
48,glm,4,1.11104458966338e-11,-0.00516773558833949,-0.00516773559944993,0.100700025168418,0.0101661865106389,0.101020869500313,0.318613954027369,0.9514,0.9512
48,glm,5,0,-0.00498592808720144,-0.00498592808720144,0.0992388280784421,0.00987221964277349,0.098075978853584,-1.17176839688085,0.9465,0.9465
49,cirls,1,0.7,0.396290713349926,-0.303709286650074,0.0843068495379675,0.0993462649120265,0.10341814608775,22.6687352860642,0.0328,0.9359
49,cirls,2,0.699999999990278,0.399413039610949,-0.300586960379329,0.0815220387993965,0.0969976989758139,0.0872184943625909,6.98762647142794,0.1294,0.9101
49,cirls,3,0.35,0.399413039610949,0.049413039610949,0.0815220387993965,0.00908682670932252,0.087871242812025,7.78832829273592,0.6709,0.8414
49,cirls,4,9.72155689282772e-12,0.39943135810538,0.399431358095658,0.0814895555105282,0.16618529343268,0.0921984306755884,13.1414082430192,1e-04,0.727
49,cirls,5,0,0.400517713951511,0.400517713951511,0.0818105064952255,0.167106728866053,0.111808484877372,36.6676355730633,0,0.4688
49,glm,1,0.7,0.685405581150525,-0.0145944188494752,0.168246105094425,0.0285169182658103,0.168525615709022,0.16613199719524,0.9456,0.9576
49,glm,2,0.699999999990278,0.690312302110159,-0.00968769788011892,0.150169692153464,0.0226425328380384,0.148499162019841,-1.11242828673828,0.9523,0.9432
49,glm,3,0.35,0.330522118163727,-0.0194778818362729,0.196807715416335,0.03910879140054,0.196418109921436,-0.197962510806093,0.9471,0.9471
49,glm,4,9.72155689282772e-12,-0.0269171935931432,-0.0269171936028648,0.227554055947452,0.0525002056047525,0.224165969031513,-1.48891519504338,0.9523,0.9382
49,glm,5,0,-0.0263971775187532,-0.0263971775187532,0.242351672538274,0.0594252707297373,0.236064577133614,-2.59420343124204,0.9475,0.9486
50,cirls,1,0.7,0.400606238944293,-0.299393761055707,0.0362495780914804,0.0909505246677012,0.0392284044189505,8.21754758069919,0,0.8893
50,cirls,2,0.699999999990278,0.400606238944293,-0.299393761045986,0.0362495780914804,0.09095052466188,0.0373781199648904,3.11325519585899,0,0.7668
50,cirls,3,0.35,0.400606238944293,0.0506062389442926,0.0362495780914804,0.00387489192870599,0.0374595184748076,3.33780542293136,0.2124,0.6951
50,cirls,4,9.72155689282772e-12,0.400606238944293,0.400606238934571,0.0362495780914804,0.161799259181922,0.0381473803280446,5.23537744846272,0,0.601
50,cirls,5,0,0.400606238944293,0.400606238944293,0.0362495780914804,0.161799259189711,0.0421959251785792,16.4039070250486,0,0.4278
50,glm,1,0.7,0.69726662940115,-0.00273337059884993,0.0694831675323871,0.0048348990941074,0.0699545688405724,0.678439577420664,0.9552,0.952
50,glm,2,0.699999999990278,0.697086683289583,-0.0029133167006955,0.070253446953423,0.00494354066835509,0.071014975030694,1.08397254554051,0.9493,0.9543
50,glm,3,0.35,0.347619885956758,-0.00238011404324173,0.0833616775499579,0.0069541393098736,0.0829573997901571,-0.484968359182181,0.9444,0.9495
50,glm,4,9.72155689282772e-12,-0.00604241789672701,-0.00604241790644857,0.0985737237445983,0.00975231814913126,0.0990724538476684,0.505946294939941,0.953,0.9476
50,glm,5,0,-0.00490149110638719,-0.00490149110638719,0.104816315841709,0.0110093860356881,0.104236903396014,-0.55278840993529,0.9494,0.9494
51,cirls,1,0.6,0.354323421983503,-0.245676578016497,0.0861538619428078,0.0677787266647633,0.100844316090685,17.0514168681486,0.1063,0.9224
51,cirls,2,0.599999999991667,0.358025119296408,-0.24197488069526,0.0833663113458193,0.0655010897607065,0.0906553287544307,8.74336082638358,0.2981,0.9361
51,cirls,3,0.3,0.358121823168136,0.0581218231681357,0.083270639739616,0.0103114523710887,0.0912312129510941,9.55987997254548,0.7021,0.8773
51,cirls,4,8.33277891132411e-12,0.358211953012837,0.358211953004504,0.0832499729954507,0.135245668223244,0.0982547324288781,18.0237409016905,0.0013,0.7587
51,cirls,5,0,0.359439798155029,0.359439798155029,0.0835043998310117,0.136169255990386,0.112526897978411,34.7556514460706,0,0.5177
51,glm,1,0.6,0.591300295419197,-0.00869970458080271,0.154876817044905,0.0240601146349083,0.152806854312228,-1.33652199998198,0.9506,0.9421
51,glm,2,0.599999999991667,0.586670293854693,-0.0133297061369744,0.172764592390845,0.0300223006892346,0.172402558480768,-0.209553303178367,0.9516,0.9516
51,glm,3,0.3,0.281686044396024,-0.0183139556039763,0.185124557526835,0.0346030756591909,0.182719158256343,-1.29934099647662,0.9503,0.9377
51,glm,4,8.33277891132411e-12,-0.0475847999484045,-0.0475847999567373,0.312118834657709,0.0996727383183144,0.303655971516386,-2.71142340724299,0.9581,0.9427
51,glm,5,0,-0.0248704777932383,-0.0248704777932383,0.221838583259177,0.0498259764524006,0.218634848920201,-1.44417363828582,0.9438,0.9438
52,cirls,1,0.6,0.313644181284457,-0.286355818715543,0.0382602957202931,0.0834633587558302,0.042825079035625,11.9308626067695,0,0.9491
52,cirls,2,0.599999999991667,0.313645494723528,-0.28635450526814,0.038259528688147,0.0834625478436466,0.0393683169619449,2.89807091675303,0,0.8694
52,cirls,3,0.3,0.313645494723528,0.0136454947235276,0.038259528688147,0.00164984468253542,0.0392952284471825,2.70703742191272,0.6962,0.8036
52,cirls,4,8.33277891132411e-12,0.313645494723528,0.313645494715195,0.038259528688147,0.0998371415114249,0.0399426971776193,4.39934454810424,0,0.7188
52,cirls,5,0,0.313645494723528,0.313645494723528,0.038259528688147,0.099837141516652,0.0446769390048126,16.7733647974961,0,0.5508
52,glm,1,0.6,0.597827804650655,-0.0021721953493451,0.0807190813449515,0.0065196369687993,0.0805721565142179,-0.182019949044876,0.9461,0.9503
52,glm,2,0.599999999991667,0.596422871204948,-0.00357712878671945,0.0764024338548754,0.0058495440161155,0.0758557672932411,-0.715509354941068,0.9495,0.945
52,glm,3,0.3,0.296055041879301,-0.00394495812069934,0.084290285685182,0.00711970447023757,0.0851271002837464,0.992777034461501,0.9542,0.9542
52,glm,4,8.33277891132411e-12,-0.00403970803858208,-0.00403970804691486,0.0929921189043394,0.00866298866600528,0.0928381154044032,-0.165609195435867,0.95,0.95
52,glm,5,0,-0.00682992801626384,-0.00682992801626384,0.102475457291511,0.0105468171418769,0.10111399499141,-1.32857401770686,0.948,0.9484
53,cirls,1,0.5,0.268014025949688,-0.231985974050312,0.0916979663722234,0.0622251683411698,0.108857794524728,18.7134228068366,0.1215,0.9022
53,cirls,2,0.499999999993056,0.274634427989162,-0.225365572003894,0.0871301789550911,0.0583805499625802,0.0961317661005715,10.3311932253921,0.3557,0.9504
53,cirls,3,0.25,0.27487069521282,0.0248706952128198,0.0870004237543963,0.00818686830644016,0.0964440215866379,10.8546572817864,0.8614,0.9131
53,cirls,4,6.9440009298205e-12,0.275079472205757,0.275079472198813,0.0869184769215382,0.0832227821733746,0.100954433736507,16.1484155177265,0.0233,0.8064
53,cirls,5,0,0.277709596575265,0.277709596575265,0.0876431291406907,0.0848031699837598,0.111584067439346,27.3163892405342,0.0032,0.5833
53,glm,1,0.5,0.485328575635321,-0.0146714243646789,0.164414644640234,0.0272447228475257,0.164713980458169,0.182061530218158,0.9517,0.942
53,glm,2,0.499999999993056,0.486104462800148,-0.0138955371929076,0.181482105193307,0.0331255468838235,0.181436528995469,-0.0251133288261096,0.9418,0.9536
53,glm,3,0.25,0.223824519401921,-0.0261754805980791,0.224573503835462,0.051113371083614,0.219722269374376,-2.16019894521488,0.9429,0.9454
53,glm,4,6.9440009298205e-12,-0.0398064961435819,-0.0398064961505259,0.282431561882662,0.0813441675245469,0.278500764899949,-1.39176972874792,0.9426,0.9606
53,glm,5,0,-0.0188511390745415,-0.0188511390745415,0.199852320478513,0.0402923213500537,0.196276715320336,-1.78912366372113,0.9402,0.9402
54,cirls,1,0.5,0.287677400180687,-0.212322599819313,0.0392790635015177,0.0466235769391056,0.0437535801955505,11.391607373378,1e-04,0.9474
54,cirls,2,0.499999999993056,0.287725140383907,-0.212274859609149,0.0392486174966908,0.046600915952088,0.0402630258855303,2.58457100794707,7e-04,0.9175
54,cirls,3,0.25,0.287725140383907,0.0377251403839068,0.0392486174966908,0.00296348614698947,0.0403116557178005,2.7084730339848,0.5784,0.8648
54,cirls,4,6.9440009298205e-12,0.287725140383907,0.287725140376963,0.0392486174966908,0.0843260563349469,0.041568346477401,5.91034571066307,0,0.7886
54,cirls,5,0,0.287793214254043,0.287793214254043,0.0392459450389398,0.0843650243482529,0.0497067568162683,26.6545034574894,0,0.5886
54,glm,1,0.5,0.496191657959509,-0.00380834204049135,0.0766263109797473,0.00588550784430888,0.0755442678592232,-1.41210389315248,0.9459,0.9471
54,glm,2,0.499999999993056,0.497145978789708,-0.00285402120334827,0.0770507719103757,0.0059443732068687,0.0769616212384348,-0.115703801182665,0.9512,0.9512
54,glm,3,0.25,0.247397101971971,-0.00260289802802871,0.0840411431016322,0.00706898252059995,0.0847880617415167,0.88875354655904,0.9511,0.9511
54,glm,4,6.9440009298205e-12,-0.00486336961076141,-0.00486336961770541,0.098713302345293,0.00976699399234565,0.0990147446642358,0.305371527221743,0.9542,0.9482
54,glm,5,0,-0.00622545330113958,-0.00622545330113958,0.115646491240141,0.013411529793867,0.113964249289559,-1.45464158275959,0.9439,0.9512
55,cirls,1,0.4,0.208318542502286,-0.191681457497714,0.104178755706207,0.0475939089676275,0.11821262144141,13.4709477379238,0.2225,0.8736
55,cirls,2,0.399999999994445,0.224515405336894,-0.175484594657551,0.0931494003031445,0.0394707860578828,0.100146464980497,7.51165831941052,0.5486,0.9548
55,cirls,3,0.2,0.22558595933448,0.0255859593344799,0.0927782700280167,0.00926158792371831,0.100528547463558,8.35354812414712,0.878,0.9243
55,cirls,4,5.5552229483169e-12,0.226539724337811,0.226539724332256,0.0925205808344827,0.0598794485726966,0.106497252506094,15.1065541802161,0.0828,0.8168
55,cirls,5,0,0.234949931981175,0.234949931981175,0.0948631400361612,0.0641995859739455,0.123390240707294,30.0718494667774,0.0133,0.5816
55,glm,1,0.4,0.38600204547497,-0.0139979545250303,0.178031781196908,0.0318880883155168,0.177207757726322,-0.462851893659721,0.9435,0.9553
55,glm,2,0.399999999994445,0.382607324208958,-0.0173926757854865,0.180859222362096,0.0330092924785697,0.177560374224924,-1.82398668648885,0.942,0.9548
55,glm,3,0.2,0.173817921069891,-0.0261820789301092,0.223171518223556,0.0504860472506549,0.218890691766625,-1.91817777241762,0.944,0.944
55,glm,4,5.5552229483169e-12,-0.032618566935744,-0.0326185669412992,0.267657904564099,0.0726975607095607,0.259052642962809,-3.21502240529921,0.9535,0.94
55,glm,5,0,-0.0212550807987008,-0.0212550807987008,0.220792183005938,0.0491960916174794,0.218214415408111,-1.1675085425273,0.9458,0.9458
56,cirls,1,0.4,0.205833099166409,-0.194166900833591,0.0406280752665814,0.0393512608151387,0.048722646661317,19.9235906245203,7e-04,0.9284
56,cirls,2,0.399999999994445,0.20622375599772,-0.193776243996725,0.0403181488685713,0.0391746233103538,0.0427445541206799,6.01814646802903,0.0031,0.9516
56,cirls,3,0.2,0.20622375599772,0.0062237559977196,0.0403181488685713,0.00166412571159461,0.0424354238794809,5.25141920034946,0.8947,0.9176
56,cirls,4,5.5552229483169e-12,0.20622375599772,0.206223755992164,0.0403181488685713,0.0441536281083912,0.0434538281059762,7.77733930103426,0,0.8478
56,cirls,5,0,0.20634018322155,0.20634018322155,0.0403294456855749,0.0442025727547897,0.0495249284460547,22.8009153217021,0,0.6831
56,glm,1,0.4,0.396458290056432,-0.00354170994356839,0.0872904045944288,0.00763139648211002,0.0861429954322382,-1.31447341494374,0.9481,0.9431
56,glm,2,0.399999999994445,0.396454983972577,-0.00354501602186802,0.083054619374857,0.00690994713111772,0.0829946198848181,-0.0722410029574294,0.9463,0.9479
56,glm,3,0.2,0.196064498553297,-0.00393550144670329,0.0922512804780597,0.00852493589160366,0.0908558597452629,-1.51263020476849,0.9442,0.9446
56,glm,4,5.5552229483169e-12,-0.00518252398827221,-0.00518252399382743,0.0976824645644902,0.00956776825195115,0.0980779030827787,0.404820373903836,0.9511,0.9511
56,glm,5,0,-0.00578716888613383,-0.00578716888613383,0.0970858494808704,0.00945821092692191,0.0976410218908181,0.5718365888709,0.9499,0.955
57,cirls,1,0.3,0.116763285451473,-0.183236714548527,0.119077820586059,0.0477538029613285,0.13103403092352,10.0406694366897,0.2266,0.8436
57,cirls,2,0.299999999995834,0.142067985609405,-0.157932014386429,0.0983849762975598,0.0346211567688705,0.109205238867743,10.9978809543619,0.5748,0.952
57,cirls,3,0.15,0.146652536114956,-0.00334746388504351,0.0960222517455995,0.00923055631747392,0.105756850658371,10.1378573568157,0.9522,0.9504
57,cirls,4,4.16638945566206e-12,0.15044185159798,0.150441851593814,0.0957059406749057,0.0317914618287357,0.109928382448313,14.8605631720586,0.3255,0.8653
57,cirls,5,0,0.166799013215581,0.166799013215581,0.0999179092728444,0.0378045010442887,0.124717703376336,24.820169160837,0.0924,0.6602
57,glm,1,0.3,0.283437433653241,-0.0165625663467592,0.198146274025337,0.0395323383195238,0.196037358405796,-1.0643226222219,0.948,0.948
57,glm,2,0.299999999995834,0.279852414859095,-0.0201475851367383,0.214242877625528,0.046301345799048,0.213379262813543,-0.403100827227976,0.9392,0.9519
57,glm,3,0.15,0.130027101338437,-0.0199728986615628,0.213928727053658,0.0461598403897175,0.212014861371567,-0.89462771477643,0.9508,0.9368
57,glm,4,4.16638945566206e-12,-0.0309370808304329,-0.0309370808345993,0.24775700098384,0.0623344961539192,0.243256939501773,-1.81632061422973,0.9398,0.9573
57,glm,5,0,-0.0218685873159993,-0.0218685873159993,0.205677169894496,0.0427771030171854,0.204419759299877,-0.611351563843532,0.956,0.9447
58,cirls,1,0.3,0.156434829543809,-0.143565170456191,0.0426603377929977,0.0224306805982858,0.0520834110303953,22.088604368586,0.0151,0.8826
58,cirls,2,0.299999999995834,0.158163685979985,-0.141836314015849,0.0414509565913524,0.0218355499577604,0.0448012403368734,8.08252455679142,0.0709,0.9564
58,cirls,3,0.15,0.158180856061098,0.00818085606109778,0.0414513396605848,0.00178496814419361,0.0444125314228406,7.14377819028988,0.9195,0.9417
58,cirls,4,4.16638945566206e-12,0.15819365229368,0.158193652289513,0.0414523823804425,0.0267433597997093,0.0458178385804666,10.5312552604547,0.0066,0.8797
58,cirls,5,0,0.159075894464434,0.159075894464434,0.0416790705060478,0.0270421114034161,0.05237513609485,25.6629177640852,0.001,0.6998
58,glm,1,0.3,0.296866071879877,-0.0031339281201227,0.0878357446455654,0.00772416803109932,0.0872499413278583,-0.666930439391034,0.9459,0.9459
58,glm,2,0.299999999995834,0.297090014092707,-0.00290998590312697,0.0854342309487977,0.00730674593498711,0.0850874631280095,-0.405888619745387,0.9505,0.9505
58,glm,3,0.15,0.147180043606475,-0.00281995639352497,0.0947312848430479,0.00898107108044325,0.0950348631167116,0.320462531640597,0.9466,0.9466
58,glm,4,4.16638945566206e-12,-0.00670114694702451,-0.0067011469511909,0.104938495943474,0.0110558920925469,0.104331928248245,-0.578022097396935,0.9522,0.9464
58,glm,5,0,-0.00462662190134824,-0.00462662190134824,0.0958963810763883,0.00921660192217556,0.0957878712878898,-0.113153163112611,0.9473,0.9473
59,cirls,1,0.2,0.0510668323231731,-0.148933167676827,0.134725760977999,0.0403303040022877,0.141649741411178,5.13931439905504,0.3872,0.8584
59,cirls,2,0.199999999997222,0.0963633403565802,-0.103636659640642,0.102532075967298,0.0212523325409738,0.111825195595862,9.06362183823173,0.7844,0.9548
59,cirls,3,0.1,0.107153527878911,0.00715352787891081,0.10073731930906,0.0101981656619398,0.110770761812749,9.96000546024696,0.9494,0.9543
59,cirls,4,2.77761147415845e-12,0.116992796378803,0.116992796376026,0.100408187191309,0.0237681102785217,0.116851057619584,16.3760255893735,0.4542,0.8665
59,cirls,5,0,0.150617106381598,0.150617106381598,0.115124827148521,0.0359379131881598,0.143912378043703,25.0055106341603,0.1251,0.6586
59,glm,1,0.2,0.179093542845829,-0.0209064571541711,0.208733009971957,0.0440021924557471,0.206758932041349,-0.945743047960257,0.947,0.947
59,glm,2,0.199999999997222,0.182134518867262,-0.0178654811299605,0.189277532521262,0.0361415771349106,0.188075918450301,-0.634842421578186,0.9482,0.9479
59,glm,3,0.1,0.0758977834497734,-0.0241022165502266,0.233271691705237,0.0549911574254419,0.23015709260505,-1.33518091175948,0.9554,0.9428
59,glm,4,2.77761147415845e-12,-0.0293949753678099,-0.0293949753705875,0.235486653388157,0.0563124831045992,0.230228601169583,-2.2328451073222,0.9543,0.9422
59,glm,5,0,-0.0300164521855363,-0.0300164521855363,0.245242656393614,0.0610389335207515,0.243085815631602,-0.879472108861346,0.9427,0.9579
60,cirls,1,0.2,0.0928820819582417,-0.107117918041758,0.0493584985943723,0.0139102661229531,0.0593608306034224,20.2646601778737,0.0742,0.8214
60,cirls,2,0.199999999997222,0.100509194263623,-0.0994908057335995,0.0435313383869985,0.011793208349542,0.0482459784064488,10.830450416058,0.276,0.9489
60,cirls,3,0.1,0.101055251710673,0.00105525171067315,0.0434971250193358,0.00189292424113211,0.0468850776903941,7.78891172589493,0.9563,0.9573
60,cirls,4,2.77761147415845e-12,0.10150075708537,0.101500757082593,0.0434487958515857,0.0121900127695061,0.0487860293468345,12.2839618236599,0.1508,0.8972
60,cirls,5,0,0.106470013347295,0.106470013347295,0.0456944354011246,0.0134236363706581,0.0572731041200437,25.339340813114,0.0306,0.7056
60,glm,1,0.2,0.195916236993696,-0.00408376300630353,0.0974064180022384,0.00950373858729165,0.0963381342210683,-1.09672832969344,0.9494,0.9494
60,glm,2,0.199999999997222,0.19649962935861,-0.00350037063861225,0.0914487326970795,0.00837428701943837,0.0912900784067692,-0.173489873102806,0.9504,0.9503
60,glm,3,0.1,0.0975391389457547,-0.00246086105424526,0.0913952222804047,0.00835830718414731,0.0905877443179963,-0.883501284050725,0.953,0.948
60,glm,4,2.77761147415845e-12,-0.00509563248637035,-0.00509563248914796,0.103587556851994,0.0107552743668362,0.10313746837336,-0.434500525268056,0.9472,0.9472
60,glm,5,0,-0.00607948094291612,-0.00607948094291612,0.0993772240963308,0.00991180517436072,0.0976664918714606,-1.72145301946842,0.9451,0.9519
61,cirls,1,0.1,-0.0105738680751072,-0.110573868075107,0.132091556236937,0.0296730147122641,0.134397678604837,1.74585146363437,0.5436,0.8679
61,cirls,2,0.0999999999986112,0.0362096779918875,-0.0637903220067237,0.11149831658044,0.0164998365945335,0.119227874052517,6.93244320554407,0.9031,0.9641
61,cirls,3,0.05,0.0576657545885471,0.00766575458854713,0.107400566658125,0.0115924920237263,0.116908966383178,8.85321187859287,0.9524,0.9595
61,cirls,4,1.38880573707922e-12,0.0787236555001662,0.0787236554987774,0.111447623485723,0.0186167446584275,0.126686628178202,13.6736919243793,0.6335,0.8751
61,cirls,5,0,0.120766835175213,0.120766835175213,0.127132119556439,0.0307455880435672,0.148029055225248,16.4371802670467,0.2295,0.6821
61,glm,1,0.1,0.0833870724656846,-0.0166129275343154,0.183100777784152,0.0337985315969394,0.182822273772113,-0.152104221188909,0.9539,0.944
61,glm,2,0.0999999999986112,0.07573575503446,-0.0242642449641512,0.231013833578933,0.0539508081493847,0.230115068622627,-0.389052440012538,0.9592,0.9478
61,glm,3,0.05,0.0270967833755288,-0.0229032166244712,0.220793723746026,0.0492695507905395,0.218015601103367,-1.25824348424635,0.9467,0.9467
61,glm,4,1.38880573707922e-12,-0.0397831895579733,-0.0397831895593622,0.282513151934848,0.081388401819577,0.27853943055277,-1.40656155469681,0.9415,0.9597
61,glm,5,0,-0.0258338440454561,-0.0258338440454561,0.238187491459543,0.0573949952578458,0.23585789730995,-0.978050583310452,0.9451,0.9515
62,cirls,1,0.1,0.0325233695490963,-0.0674766304509037,0.0557429786647628,0.00766006459946098,0.0608981791445988,9.24816111969766,0.308,0.8228
62,cirls,2,0.0999999999986112,0.0482619926139908,-0.0517380073846204,0.0465615249432465,0.0048445802156111,0.0513451515666,10.2737756746246,0.6953,0.9485
62,cirls,3,0.05,0.0517032771095116,0.00170327710951163,0.0456262212383934,0.00208444504220016,0.0505919819549524,10.8835677857548,0.9676,0.9695
62,cirls,4,1.38880573707922e-12,0.0554191928100812,0.0554191928086924,0.0457428123210612,0.00516348257011896,0.0524264339879834,14.6113046570267,0.5084,0.8971
62,cirls,5,0,0.071166237373223,0.071166237373223,0.054540129120702,0.00803896156379632,0.0645360253048657,18.327599045543,0.1672,0.7246
62,glm,1,0.1,0.0965786558106647,-0.00342134418933532,0.0912504693086148,0.00833752108028945,0.0906307065315051,-0.679188591363522,0.9507,0.9454
62,glm,2,0.0999999999986112,0.0953645279993585,-0.0046354719992527,0.0924366865763393,0.00856517417176572,0.0928053065121898,0.398780992161685,0.9497,0.9497
62,glm,3,0.05,0.0427683930718004,-0.00723160692819957,0.108211543560317,0.0117608633246544,0.107759184832285,-0.418031859770995,0.953,0.9461
62,glm,4,1.38880573707922e-12,-0.00526721799030963,-0.00526721799169843,0.096011365663758,0.00924500410375827,0.0967026899783998,0.720044246701845,0.9504,0.9559
62,glm,5,0,-0.00561648817086538,-0.00561648817086538,0.105350412100993,0.0111291443982895,0.104842526885386,-0.482091342101554,0.9506,0.9452
63,cirls,1,0,-0.130326247616686,-0.130326247616686,0.178453353657101,0.0488273456893689,0.168280134408452,-5.70077224112967,0.5075,0.846
63,cirls,2,0,-0.0567611185679439,-0.0567611185679439,0.135134825223366,0.0214814194271351,0.136216405250393,0.800371055528459,0.8874,0.9523
63,cirls,3,0,-0.0138935897033951,-0.0138935897033951,0.120296894283361,0.0146629274747909,0.123474520297363,2.64148632675252,0.975,0.9717
63,cirls,4,0,0.0239186817354617,0.0239186817354617,0.118652462938447,0.0146491024566257,0.124797883838632,5.17934541600977,0.8851,0.9258
63,cirls,5,0,0.0776589332406585,0.0776589332406585,0.127625750401992,0.022317613244532,0.136214761104492,6.72984149001778,0.5251,0.7951
63,glm,1,0,-0.0274221936782992,-0.0274221936782992,0.238835701560239,0.0577887647966676,0.236082731398366,-1.15266274844501,0.9478,0.9531
63,glm,2,0,-0.0333069340891106,-0.0333069340891106,0.27219414139763,0.075191593504548,0.267731801919202,-1.63939585749878,0.9431,0.9488
63,glm,3,0,-0.0240713268182794,-0.0240713268182794,0.228598096002027,0.052831292561595,0.223879332446716,-2.06421822309024,0.9494,0.9359
63,glm,4,0,-0.0272377919914271,-0.0272377919914271,0.244792638535373,0.0606593408500901,0.242712674246521,-0.849684165870634,0.9455,0.9594
63,glm,5,0,-0.0195425840364574,-0.0195425840364574,0.199645615279424,0.0402362984539517,0.1963508381915,-1.65031277211509,0.9447,0.9447
64,cirls,1,0,-0.0517533085408731,-0.0517533085408731,0.0720908019170255,0.00787496895759452,0.0716042096651497,-0.674971340221509,0.5098,0.8449
64,cirls,2,0,-0.0204879898700468,-0.0204879898700468,0.0565625602207377,0.00361876101531785,0.0575924001943639,1.82070961711636,0.8949,0.9494
64,cirls,3,0,-0.00159617323254883,-0.00159617323254883,0.0523255177655604,0.00274023378244134,0.0542817090611426,3.73850346660074,0.9753,0.9746
64,cirls,4,0,0.0160538720503899,0.0160538720503899,0.0540264704952115,0.00317629443602883,0.0569391702147,5.39124561125399,0.867,0.9315
64,cirls,5,0,0.0439579674700145,0.0439579674700145,0.0641689085775435,0.00604953996724519,0.0678920162785496,5.80204305096907,0.4807,0.8071
64,glm,1,0,-0.00485693575059746,-0.00485693575059746,0.103282396540755,0.0106897765347436,0.103123650549975,-0.153700917190325,0.9487,0.9487
64,glm,2,0,-0.00564614662860702,-0.00564614662860702,0.100745405839573,0.0101805008058522,0.100538818807474,-0.205058513961509,0.9469,0.9484
64,glm,3,0,-0.00475067873772849,-0.00475067873772849,0.0961256119321497,0.0092617782044724,0.0957948376309828,-0.344106315183013,0.9472,0.9473
64,glm,4,0,-0.0049099066419924,-0.0049099066419924,0.102550724138984,0.0105397065395609,0.10258361952563,0.0320771861165525,0.9506,0.9506
64,glm,5,0,-0.00595493707807876,-0.00595493707807876,0.100488991700745,0.010132488924891,0.10105939113987,0.567623805822648,0.9503,0.9521
65,cirls,1,0,-0.09898563614391,-0.09898563614391,0.170184068020076,0.0387578769089757,0.158073636752651,-7.11607814310604,0.6392,0.8719
65,cirls,2,1.38879438645783e-12,-0.0227298291398642,-0.022729829141253,0.140003616027742,0.020115697532384,0.134962473821345,-3.60072285947154,0.9553,0.9685
65,cirls,3,0.05,0.0383329620340415,-0.0116670379659586,0.12596052449013,0.0160005868993547,0.124767396479723,-0.947223755407467,0.9783,0.9736
65,cirls,4,0.0999999999986113,0.0980910380014921,-0.00190896199711921,0.12478673954493,0.0155738173291241,0.125724186250532,0.751239041119645,0.9367,0.935
65,cirls,5,0.1,0.164541703292317,0.0645417032923166,0.135267428508878,0.0224610789515563,0.138983018748623,2.74684769327203,0.6136,0.821
65,glm,1,0,-0.0182751187760866,-0.0182751187760866,0.216000761880591,0.0469856434663624,0.212979329354265,-1.39880642087553,0.9482,0.9502
65,glm,2,1.38879438645783e-12,-0.0376747363906602,-0.037674736392049,0.264369357655553,0.0713035539136933,0.259534584493759,-1.82879483638697,0.9554,0.9414
65,glm,3,0.05,0.0225378122257837,-0.0274621877742163,0.233772173261683,0.0553981358059373,0.230104845595462,-1.56876142059709,0.9546,0.9428
65,glm,4,0.0999999999986113,0.0724755288310749,-0.0275244711675364,0.232934811067657,0.0550107968575568,0.230542710487609,-1.02693992756311,0.9584,0.9476
65,glm,5,0.1,0.080518806415985,-0.0194811935840151,0.201240598439017,0.0408732455857054,0.19811941743715,-1.55096984707723,0.9437,0.9441
66,cirls,1,0,-0.0385623207325413,-0.0385623207325413,0.0798482823973847,0.0078621632072717,0.074323493226332,-6.91910834544589,0.7139,0.8863
66,cirls,2,1.38879438645783e-12,0.00313700555928381,0.00313700555789501,0.0663497717997227,0.00441169279252376,0.0627638493964036,-5.40457383055253,0.9753,0.9724
66,cirls,3,0.05,0.0479198716736647,-0.00208012832633531,0.0607828229151177,0.00369850904022842,0.057392245585417,-5.57818338650642,0.9805,0.9806
66,cirls,4,0.0999999999986113,0.0924810266645429,-0.00751897333406834,0.0603681875982658,0.00370048860209045,0.0576138398738603,-4.56258144229027,0.9722,0.9629
66,cirls,5,0.1,0.130679806877995,0.0306798068779953,0.0675527862761074,0.00550417314584316,0.0669182521186396,-0.939316040754012,0.7137,0.8835
66,glm,1,0,-0.00391513961624887,-0.00391513961624887,0.10248390561801,0.0105172289338448,0.100460800808214,-1.97407075539944,0.9425,0.9432
66,glm,2,1.38879438645783e-12,-0.0065262191462328,-0.00652621914762159,0.10924548372723,0.0119759737935877,0.109146835027163,-0.0903000258687836,0.948,0.948
66,glm,3,0.05,0.0448688761078459,-0.00513112389215419,0.0969153822439685,0.00941798048875961,0.0970466232859384,0.135418175042124,0.9507,0.9449
66,glm,4,0.0999999999986113,0.0961782663419168,-0.00382173365669444,0.0925331516214156,0.0085761335587197,0.0923330994317274,-0.216195154042353,0.9515,0.9459
66,glm,5,0.1,0.096722716662723,-0.00327728333727705,0.0932143859379282,0.00869879343968324,0.0927452946340733,-0.503239171866932,0.9453,0.9453
67,cirls,1,0,-0.127481140354909,-0.127481140354909,0.213863826545208,0.0619846036771163,0.194899675487611,-8.867395372068,0.6565,0.9086
67,cirls,2,2.77758877291566e-12,-0.0073464147396904,-0.00734641474246799,0.146111494796274,0.0214004038642787,0.134842999368852,-7.71225798704838,0.963,0.9653
67,cirls,3,0.1,0.0905448555450072,-0.00945514445499288,0.136939464064463,0.0188399413332454,0.127784359676133,-6.68551206248373,0.9807,0.9784
67,cirls,4,0.199999999997223,0.1855205388884,-0.0144794611088222,0.126903858924071,0.0163126337448814,0.12255622552313,-3.42592686920777,0.9613,0.9483
67,cirls,5,0.2,0.268639860021214,0.0686398600212136,0.144854084127363,0.0256920378015401,0.149336378079484,3.0943511045086,0.6736,0.868
67,glm,1,0,-0.0401543734610504,-0.0401543734610504,0.273592827284698,0.0764579235461699,0.268724689043853,-1.77933693991896,0.9462,0.9499
67,glm,2,2.77758877291566e-12,-0.0186755356713255,-0.0186755356741031,0.203258383128261,0.0416586145475986,0.200071189031382,-1.56805050194067,0.9495,0.9495
67,glm,3,0.1,0.0716138951651827,-0.0283861048348174,0.248832606496431,0.0627172452368952,0.245158511849017,-1.47653263740021,0.9404,0.943
67,glm,4,0.199999999997223,0.186425032963608,-0.0135749670336144,0.185282592910732,0.034510486001764,0.183807390175288,-0.796190679474562,0.9435,0.9435
67,glm,5,0.2,0.180721225923584,-0.0192787740764162,0.220053863485953,0.0487905315947003,0.218047767986641,-0.91163839049776,0.9467,0.9467
68,cirls,1,0,-0.0399642787723144,-0.0399642787723144,0.0868592657159706,0.00914092116530477,0.0821800104586492,-5.38716879396903,0.8034,0.9259
68,cirls,2,2.77758877291566e-12,0.0127885677325611,0.0127885677297835,0.0701564544372412,0.00508498337097404,0.0651295994201273,-7.165206761711,0.9765,0.9811
68,cirls,3,0.1,0.0977039992081045,-0.00229600079189556,0.0717832230415271,0.00515758744675499,0.0616974536595914,-14.0503155954715,0.9832,0.9824
68,cirls,4,0.199999999997223,0.181918694769805,-0.0180813052274175,0.0653210609153852,0.00459334791373859,0.0601328886023589,-7.94257202856343,0.9779,0.9751
68,cirls,5,0.2,0.225893237456202,0.0258932374562015,0.0702868811488662,0.00561021138303191,0.0699941042554669,-0.416545575239236,0.8262,0.9214
68,glm,1,0,-0.00582173856771487,-0.00582173856771487,0.11027230746266,0.0121926584349109,0.109115491307476,-1.04905409327279,0.9477,0.9477
68,glm,2,2.77758877291566e-12,-0.00355598595657186,-0.00355598595934945,0.0938860849088813,0.00882636051596681,0.0940328117804019,0.156281808601344,0.955,0.955
68,glm,3,0.1,0.0951325872991064,-0.00486741270089371,0.0966390504447081,0.00936186386664858,0.0965490226902243,-0.0931587738802642,0.9503,0.9445
68,glm,4,0.199999999997223,0.196243508269731,-0.0037564917274919,0.0870774483593273,0.00759583499466875,0.0869960743997335,-0.093450096582981,0.9478,0.9481
68,glm,5,0.2,0.194410275448897,-0.00558972455110279,0.093912655456718,0.00884994991680393,0.0937958863266802,-0.124338013305991,0.9504,0.9508
69,cirls,1,0,-0.101712361299202,-0.101712361299202,0.193386812668619,0.0477401239092556,0.17690370330535,-8.52338850607884,0.7421,0.9187
69,cirls,2,4.16638315937348e-12,0.00760639547718132,0.00760639547301494,0.14598258125924,0.0213666401917995,0.134691248644696,-7.73471226302895,0.9724,0.9718
69,cirls,3,0.15,0.135999240561436,-0.0140007594385644,0.147260227766035,0.0218794273890928,0.130191089121621,-11.5911396467026,0.9834,0.9782
69,cirls,4,0.299999999995834,0.260100292613992,-0.0398997073818415,0.14205341421611,0.0217691412223613,0.129264361210604,-9.00298882366172,0.9817,0.9655
69,cirls,5,0.3,0.344071919817328,0.0440719198173282,0.141617988503671,0.0219959832187442,0.138992189521027,-1.85414226708651,0.7859,0.8854
69,glm,1,0,-0.0278893495777889,-0.0278893495777889,0.241061446894911,0.0588826259368221,0.236197846633066,-2.01757698067937,0.9447,0.9492
69,glm,2,4.16638315937348e-12,-0.0204652097215762,-0.0204652097257426,0.203052886567131,0.0416451765048883,0.200253119624985,-1.37883631672471,0.9501,0.941
69,glm,3,0.15,0.121103100474771,-0.0288968995252286,0.236129567647052,0.0565866278020829,0.231613747519716,-1.91243314945032,0.9578,0.9468
69,glm,4,0.299999999995834,0.277775493120317,-0.0222245068755166,0.226054740899438,0.0515895645143837,0.220489939174565,-2.46170538283427,0.9413,0.9433
69,glm,5,0.3,0.278504182961108,-0.0214958170388925,0.191066464490114,0.0369648133635363,0.187231175262997,-2.00730632523711,0.9533,0.9432
70,cirls,1,0,-0.0321205691925629,-0.0321205691925629,0.0801456834987397,0.00745441921567602,0.0782103692343646,-2.41474547335474,0.8681,0.945
70,cirls,2,4.16638315937348e-12,0.0202223164186251,0.0202223164144587,0.072968886022094,0.00573286796263911,0.0695031973620243,-4.74954305732496,0.9602,0.9784
70,cirls,3,0.15,0.146470948723916,-0.00352905127608383,0.0842574007733891,0.00711105385703823,0.0686767068403891,-18.4917808880723,0.9856,0.9846
70,cirls,4,0.299999999995834,0.276232501524209,-0.0237674984716251,0.0673134620654653,0.00509554304862001,0.0623487818043401,-7.37546414756804,0.963,0.9789
70,cirls,5,0.3,0.321935994543822,0.0219359945438224,0.0666025599999868,0.0049166452650786,0.0665932778350873,-0.0139366488307813,0.8682,0.9381
70,glm,1,0,-0.00478313326745871,-0.00478313326745871,0.0973636013393813,0.00950160126254166,0.0975932307467521,0.235847281953316,0.9525,0.9525
70,glm,2,4.16638315937348e-12,-0.00441376656068492,-0.0044137665648513,0.0979758839681675,0.00961779524724888,0.0989889286387287,1.03397349381444,0.9537,0.9537
70,glm,3,0.15,0.144484481189457,-0.00551551881054257,0.100630910991513,0.0101559885367065,0.10057326613357,-0.0572834503578146,0.9563,0.951
70,glm,4,0.299999999995834,0.295532190815573,-0.00446780918026063,0.0875479018185664,0.00768382996819328,0.086864907720716,-0.78013759743305,0.9491,0.9491
70,glm,5,0.3,0.297391506958029,-0.00260849304197114,0.0833792603594312,0.00695821008393002,0.0838545339511399,0.570014161387244,0.9503,0.9508
71,cirls,1,0,-0.0960768963946598,-0.0960768963946598,0.203846477792992,0.050780001190788,0.18617367033003,-8.66966535517393,0.8006,0.9259
71,cirls,2,5.55517754583131e-12,0.019048169123442,0.0190481691178868,0.167197348708631,0.0283149906665976,0.149652107064841,-10.4937319755979,0.9774,0.9797
71,cirls,3,0.2,0.187230150431042,-0.012769849568958,0.145068468983473,0.0212058252651535,0.128640274918473,-11.3244416103073,0.9826,0.9794
71,cirls,4,0.399999999994445,0.34890476235957,-0.0510952376348749,0.135514895210517,0.0209731737041995,0.125111832753362,-7.67669298713988,0.9863,0.9787
71,cirls,5,0.4,0.436213512962703,0.0362135129627028,0.128510584448364,0.0178247373393285,0.127448464057459,-0.826484756461621,0.8483,0.9172
71,glm,1,0,-0.026460762010717,-0.026460762010717,0.243076396538551,0.0597803978668992,0.242557739355121,-0.213372088288266,0.9434,0.9563
71,glm,2,5.55517754583131e-12,-0.0307643928652276,-0.0307643928707827,0.250292276844622,0.063586407094388,0.243340739657722,-2.77736783353307,0.9403,0.9563
71,glm,3,0.2,0.178671655840697,-0.0213283441593035,0.19776550638739,0.0395621826616867,0.196957003607353,-0.408818906191266,0.9467,0.9476
71,glm,4,0.399999999994445,0.37725502470838,-0.0227449752860646,0.208208547381598,0.0438637980235984,0.209351508859572,0.54895031560811,0.9639,0.9527
71,glm,5,0.4,0.388913786105249,-0.0110862138947509,0.162966016187946,0.026678170778447,0.162554630292745,-0.252436615206453,0.948,0.9564
72,cirls,1,0,-0.030663474063144,-0.030663474063144,0.0821162670034195,0.00768265564006734,0.0813897703453062,-0.884717102499399,0.8926,0.9479
72,cirls,2,5.55517754583131e-12,0.0223515628444697,0.0223515628389145,0.0746243412821113,0.00606782779389979,0.0719247475177629,-3.61757801538619,0.9381,0.9685
72,cirls,3,0.2,0.197292469080139,-0.00270753091986067,0.0859775835533762,0.00739873638287242,0.0720645951785125,-16.1821114293429,0.9807,0.9788
72,cirls,4,0.399999999994445,0.37387424483425,-0.0261257551601952,0.0685364036637371,0.00537932398598647,0.0644932682856972,-5.8992523125037,0.9392,0.9722
72,cirls,5,0.4,0.420511557907558,0.0205115579075574,0.065706437688421,0.00473762822790206,0.0662934026716375,0.893314268534695,0.8886,0.9423
72,glm,1,0,-0.0022080923917404,-0.0022080923917404,0.0995450996389035,0.00991311161144347,0.100865955782507,1.32689218092596,0.9555,0.9545
72,glm,2,5.55517754583131e-12,-0.00307401330349791,-0.00307401330905309,0.0951363226527826,0.0090594643537298,0.0952779323952427,0.148849291744169,0.9468,0.9461
72,glm,3,0.2,0.19637934662261,-0.00362065337739056,0.0925274372306549,0.00857357963868794,0.0922369350643564,-0.313963268618678,0.9512,0.9456
72,glm,4,0.399999999994445,0.396137982379099,-0.00386201761534599,0.0859744560930802,0.00740578311985216,0.0861520518119231,0.206568005095242,0.9542,0.9478
72,glm,5,0.4,0.397288953097597,-0.00271104690240342,0.0816286485966293,0.00666991972339186,0.081312302661808,-0.387542780947603,0.9479,0.9479
73,cirls,1,0,-0.0829604642772211,-0.0829604642772211,0.199937148898336,0.0468533046563364,0.182916104637558,-8.51319744958101,0.8471,0.9332
73,cirls,2,6.94397193228913e-12,0.0326022258487272,0.0326022258417832,0.174649292849472,0.0315622303851099,0.159044704671749,-8.9348132609801,0.9716,0.9811
73,cirls,3,0.25,0.238596703951752,-0.0114032960482479,0.158133653144589,0.0251337867923914,0.134263414010203,-15.0949773559963,0.9843,0.9821
73,cirls,4,0.499999999993056,0.453999100654893,-0.046000899338163,0.12989751804438,0.0189877605974904,0.118838976513443,-8.51328162186924,0.9758,0.9752
73,cirls,5,0.5,0.538239136640541,0.038239136640541,0.125375649289882,0.0171797131005299,0.125300215330223,-0.0601663561353272,0.8547,0.9219
73,glm,1,0,-0.0213978934734617,-0.0213978934734617,0.232221797928036,0.054379440581688,0.229189850474725,-1.30562569076756,0.9574,0.9457
73,glm,2,6.94397193228913e-12,-0.0389748242413398,-0.0389748242482838,0.273557464471532,0.0763452399246414,0.268589160731092,-1.81618284481407,0.9454,0.9538
73,glm,3,0.25,0.228153704872072,-0.0218462951279281,0.201755823442104,0.0411786023623886,0.201594803983727,-0.0798090759562498,0.9528,0.9554
73,glm,4,0.499999999993056,0.487309588559158,-0.0126904114338977,0.174722684929827,0.0306860103697863,0.172367391587212,-1.34801805704912,0.9477,0.9477
73,glm,5,0.5,0.488126564341034,-0.0118734356589662,0.161485585065852,0.0262159648989897,0.160983575638646,-0.31086949773298,0.9553,0.9455
74,cirls,1,0,-0.0294089906146517,-0.0294089906146517,0.0802396260059231,0.00730264247078493,0.0792821451945629,-1.19327676239365,0.8976,0.9483
74,cirls,2,6.94397193228913e-12,0.0246142470581602,0.0246142470512162,0.0777461953212406,0.0066497275977381,0.0754123906778802,-3.00182489151685,0.9226,0.961
74,cirls,3,0.25,0.245322539298818,-0.00467746070118169,0.0851442965855143,0.00727070492452902,0.0750710108424539,-11.8308402876326,0.9748,0.9719
74,cirls,4,0.499999999993056,0.475637879873515,-0.0243621201195409,0.06664623761035,0.00503478971223541,0.0640870880215159,-3.83990106657814,0.9269,0.9639
74,cirls,5,0.5,0.521835744923588,0.0218357449235876,0.0655383285986676,0.00477164274462336,0.0677571829757249,3.38558279483263,0.8902,0.9437
74,glm,1,0,-0.00441475519369495,-0.00441475519369495,0.0949298215097505,0.00903025990819216,0.0949141438330922,-0.0165150175245543,0.9542,0.9486
74,glm,2,6.94397193228913e-12,-0.00442976351460518,-0.00442976352154915,0.100146161203993,0.0100478734833926,0.0994848776772878,-0.660318397385162,0.9546,0.9492
74,glm,3,0.25,0.244736546588236,-0.00526345341176376,0.087452227639454,0.00767483127170878,0.0873518786214914,-0.114747240489099,0.9504,0.9506
74,glm,4,0.499999999993056,0.496404621250218,-0.00359537874283805,0.0799599321110279,0.00640587813243033,0.0797568842997019,-0.253936948125599,0.9476,0.9482
74,glm,5,0.5,0.496730942680811,-0.00326905731918864,0.0834610018018417,0.00697572898364098,0.0837792703878734,0.381338085046501,0.9532,0.9532
75,cirls,1,0,-0.0779689511062106,-0.0779689511062106,0.185306356309326,0.0404141691806728,0.174585183991209,-5.78564736345109,0.872,0.944
75,cirls,2,8.33276631874696e-12,0.0369500387766185,0.0369500387682857,0.168776734421004,0.0298480428881877,0.15795885365104,-6.40958056634711,0.96,0.9795
75,cirls,3,0.3,0.285896489084119,-0.0141035109158814,0.176381086797653,0.0313060857712977,0.143737077530722,-18.5076585361903,0.9871,0.9843
75,cirls,4,0.599999999991667,0.53286827052162,-0.067131729470047,0.141955035429532,0.0246558860622309,0.126333142264123,-11.0048179116297,0.9628,0.9833
75,cirls,5,0.6,0.624887194940719,0.0248871949407184,0.116726593549069,0.0142431076038228,0.115035786915437,-1.4485187841294,0.8927,0.9302
75,glm,1,0,-0.0222946065216496,-0.0222946065216496,0.214207655926585,0.0463773808455316,0.213362604520681,-0.394501028568761,0.95,0.9541
75,glm,2,8.33276631874696e-12,-0.0352233993968765,-0.0352233994052092,0.254459707166311,0.0659839554625664,0.25109736130038,-1.32136671199314,0.949,0.9358
75,glm,3,0.3,0.275536384007432,-0.024463615992568,0.22404273545266,0.0507885963018116,0.220681221778387,-1.50038949822755,0.943,0.9488
75,glm,4,0.599999999991667,0.576857097820509,-0.0231429021711588,0.205784701879069,0.0428787027140084,0.202496931964908,-1.59767460075469,0.9493,0.9534
75,glm,5,0.6,0.591244761382812,-0.00875523861718797,0.137224280129945,0.0189052742101197,0.136496193923588,-0.530581181163814,0.9496,0.9496
76,cirls,1,0,-0.0338247448212327,-0.0338247448212327,0.0843992189745188,0.00826662920291393,0.0830075495071061,-1.64891273203948,0.8916,0.9501
76,cirls,2,8.33276631874696e-12,0.0216543786787674,0.0216543786704346,0.0765841279757832,0.00633345426054793,0.0760323156749568,-0.720530892512006,0.9154,0.9524
76,cirls,3,0.3,0.297049338282934,-0.00295066171706593,0.0857494418577892,0.00736093788681303,0.0785388537575452,-8.40890382960433,0.9617,0.9611
76,cirls,4,0.599999999991667,0.576153292253056,-0.0238467077386117,0.0640186752682897,0.00466664641399918,0.0628040095695953,-1.8973615020991,0.9138,0.9576
76,cirls,5,0.6,0.618850255076824,0.018850255076824,0.0620568709090596,0.00420600223796232,0.0635243557935341,2.36474199065717,0.8971,0.9416
76,glm,1,0,-0.00527950636599932,-0.00527950636599932,0.101746815466833,0.0103792524036646,0.100525633768454,-1.20021613725823,0.9489,0.9494
76,glm,2,8.33276631874696e-12,-0.00574044227344983,-0.00574044228178259,0.0957352820146185,0.00919728037558678,0.0945600529963255,-1.22758192545311,0.9481,0.9443
76,glm,3,0.3,0.296915471225241,-0.00308452877475901,0.0863173195779309,0.00745944890891506,0.0859362046142733,-0.441527801744968,0.9433,0.9483
76,glm,4,0.599999999991667,0.596925519943939,-0.00307448004772815,0.0766151602936186,0.00587874822610207,0.077050915124088,0.568757970092881,0.9523,0.9523
76,glm,5,0.6,0.596537977718435,-0.00346202228156511,0.0771586354145693,0.00596484527181458,0.0770673733973511,-0.118278423053808,0.9491,0.9442
77,cirls,1,0,-0.0652120440041271,-0.0652120440041271,0.162977238679206,0.0308115348526624,0.156237818372357,-4.1351911232919,0.8866,0.9446
77,cirls,2,9.72156070520479e-12,0.0385920948798234,0.0385920948701018,0.150884993858472,0.0242533545299968,0.143535906714057,-4.87065476591257,0.936,0.9642
77,cirls,3,0.35,0.334790485508761,-0.0152095144912392,0.179698929501015,0.0325198054243437,0.146694124834207,-18.3667230285989,0.9847,0.9806
77,cirls,4,0.699999999990279,0.634494784665359,-0.0655052153249198,0.156067439160407,0.0286455430962948,0.140262615847508,-10.1269191049227,0.9665,0.9809
77,cirls,5,0.7,0.735931479863037,0.0359314798630371,0.142054498594594,0.0214685338680523,0.139913123422686,-1.50743214265924,0.879,0.9306
77,glm,1,0,-0.0159091744822715,-0.0159091744822715,0.18948133247492,0.0361526868716427,0.188905761173147,-0.30376148101503,0.9492,0.9509
77,glm,2,9.72156070520479e-12,-0.0208798793102223,-0.0208798793199439,0.208401381508497,0.0438627620614842,0.20437059802303,-1.93414432106491,0.9536,0.9417
77,glm,3,0.35,0.328852238501779,-0.0211477614982207,0.210940121172025,0.0449385129629821,0.208135423577336,-1.32961789303278,0.945,0.9489
77,glm,4,0.699999999990279,0.679410807758283,-0.0205891922319954,0.207073413851845,0.0432990256211511,0.207811876449025,0.35661873895021,0.9506,0.9501
77,glm,5,0.7,0.687617064233798,-0.0123829357662019,0.176773895102811,0.0313992221870106,0.173351105711869,-1.93625274192859,0.9479,0.9384
78,cirls,1,0,-0.0320256773843533,-0.0320256773843533,0.0840301107466009,0.00808599741806148,0.0844463424250936,0.495336344073039,0.9038,0.9516
78,cirls,2,9.72156070520479e-12,0.0248855538161724,0.0248855538064508,0.0776211181952525,0.00664372627433613,0.0796654563889491,2.63373968480349,0.9086,0.9524
78,cirls,3,0.35,0.346646728869247,-0.0033532711307529,0.0819815194050966,0.00673154185429218,0.0788161821898613,-3.86103750967867,0.9593,0.9586
78,cirls,4,0.699999999990279,0.677406861184333,-0.0225931388059453,0.0608362751764341,0.00421113219320979,0.0603982966383399,-0.71992990501788,0.9067,0.9513
78,cirls,5,0.7,0.718648871493817,0.0186488714938169,0.0570974669673041,0.00360757513000187,0.0590450097147136,3.41090918888693,0.8967,0.944
78,glm,1,0,-0.00467829272977401,-0.00467829272977401,0.101023004474894,0.0102265132912565,0.100997963738533,-0.024787162577955,0.9531,0.9539
78,glm,2,9.72156070520479e-12,-0.00348397411057599,-0.00348397412029755,0.0971478927111844,0.00944890736258887,0.0984620374640169,1.3527259481988,0.9532,0.9532
78,glm,3,0.35,0.346602268380668,-0.00339773161933182,0.0821273327762995,0.00675576887922714,0.0825951101925204,0.569575804312428,0.9531,0.953
78,glm,4,0.699999999990279,0.6977266441742,-0.00227335581607824,0.0734658716280367,0.00540186271730425,0.0732550166405556,-0.287010802170273,0.9486,0.9532
78,glm,5,0.7,0.69850102053958,-0.00149897946041999,0.070685404231708,0.00499817366818558,0.0706100444838704,-0.106612883744039,0.9493,0.9521
79,cirls,1,0,-0.0745662580863584,-0.0745662580863584,0.179048964587758,0.0376154527117775,0.169962572904466,-5.07480828175262,0.8838,0.9439
79,cirls,2,1.11103550916626e-11,0.0387492865585499,0.0387492865474396,0.160164151613467,0.027151497414451,0.155242475422519,-3.07289499015105,0.9316,0.9596
79,cirls,3,0.4,0.382048000364,-0.0179519996360001,0.203998627962452,0.041933552957473,0.164258057419212,-19.480802856456,0.9845,0.9787
79,cirls,4,0.79999999998889,0.759230588923053,-0.0407694110658363,0.121957360258006,0.016534255239984,0.115403565374282,-5.37384120963181,0.947,0.964
79,cirls,5,0.8,0.844153206224341,0.0441532062243406,0.12492031809149,0.017553030983381,0.130249784849489,4.2662929773323,0.8669,0.9374
79,glm,1,0,-0.0229647320543936,-0.0229647320543936,0.206911816916468,0.0433355976480061,0.204554359771313,-1.13935355664434,0.9567,0.9468
79,glm,2,1.11103550916626e-11,-0.0213431736638201,-0.0213431736749305,0.216059516214757,0.0471325774380184,0.213313650909685,-1.27088376072408,0.9496,0.9533
79,glm,3,0.4,0.371432909953977,-0.0285670900460228,0.234661323257166,0.0558765086728386,0.233665244697052,-0.424474960887877,0.9486,0.9345
79,glm,4,0.79999999998889,0.791962319833159,-0.00803768015573103,0.143013682547118,0.0205154724066341,0.141064508057059,-1.36292867601423,0.9478,0.9478
79,glm,5,0.8,0.785723656240456,-0.0142763437595441,0.17163650542737,0.0296599580774608,0.170052981825456,-0.922603031314206,0.9465,0.9465
80,cirls,1,0,-0.0338533076849786,-0.0338533076849786,0.0859389254246946,0.00853080679447473,0.0854718002705104,-0.543554799964974,0.9008,0.9491
80,cirls,2,1.11103550916626e-11,0.0252894200693735,0.0252894200582632,0.0831136589896361,0.00754674428949774,0.0839591590890708,1.01728176777793,0.8963,0.9479
80,cirls,3,0.4,0.397292206670547,-0.0027077933294532,0.0857271925976353,0.00735574878023202,0.0832415451655368,-2.89948539871703,0.9525,0.9519
80,cirls,4,0.79999999998889,0.779964143694219,-0.0200358562946704,0.0533244597962165,0.00324464920021774,0.0538687501928041,1.02071431884672,0.9042,0.9524
80,cirls,5,0.8,0.816786200273226,0.016786200273226,0.0526321455066179,0.00305164224596859,0.0544008571369147,3.36051592286768,0.8987,0.9442
80,glm,1,0,-0.00766090856268761,-0.00766090856268761,0.101066545633813,0.0102721147216928,0.100641844549614,-0.420219254091325,0.9476,0.9496
80,glm,2,1.11103550916626e-11,-0.00549728361914758,-0.00549728363025793,0.105117122736944,0.011078724658856,0.104269747896841,-0.806124461971525,0.9496,0.9434
80,glm,3,0.4,0.397269742782192,-0.0027302572178079,0.0858031818220525,0.00736890409666252,0.0856334029993294,-0.197870077912943,0.9479,0.9479
80,glm,4,0.79999999998889,0.79713521131498,-0.00286478867390971,0.0636161296918551,0.0040548142699214,0.0637798403937178,0.257341499169539,0.9547,0.9521
80,glm,5,0.8,0.797385100092655,-0.00261489990734487,0.0659141757742066,0.00435108180166164,0.0658879610375731,-0.039771014847112,0.945,0.9503
81,cirls,1,0,-0.111922217069683,-0.111922217069683,0.230167143708311,0.0654981990252314,0.217144812820066,-5.65777142577222,0.876,0.952
81,cirls,2,1.24991494781204e-11,0.0332789364178747,0.0332789364053755,0.180448917788896,0.0336660433582635,0.174787688070304,-3.13730322573307,0.9428,0.9611
81,cirls,3,0.45,0.438130240338179,-0.0118697596618206,0.175512000465966,0.0309422730557638,0.152839614255825,-12.9178552748235,0.9784,0.9743
81,cirls,4,0.899999999987501,0.855409371309675,-0.0445906286778261,0.113306776810168,0.014825465994426,0.107427545581592,-5.18877281137938,0.9233,0.9617
81,cirls,5,0.9,0.930668922653489,0.0306689226534884,0.107220684263684,0.0124357083231848,0.108991710869315,1.65175835035354,0.8881,0.938
81,glm,1,0,-0.040930750095037,-0.040930750095037,0.272953530695082,0.0761715058592617,0.268794251419788,-1.52380489994113,0.9444,0.9554
81,glm,2,1.24991494781204e-11,-0.0282944446504991,-0.0282944446629982,0.233096923982032,0.0551293181510757,0.230022554054248,-1.31892342261086,0.9547,0.9468
81,glm,3,0.45,0.433639710620372,-0.0163602893796282,0.186747121425182,0.0351386589804407,0.186357872988211,-0.208436110821819,0.9566,0.9492
81,glm,4,0.899999999987501,0.890567339361238,-0.00943266062626269,0.135305602854468,0.0183947504896848,0.134203598920315,-0.814455507313849,0.9447,0.9447
81,glm,5,0.9,0.890073860774332,-0.00992613922566787,0.136647299879605,0.0187691455558577,0.134249824667651,-1.75449878194965,0.942,0.9483
82,cirls,1,0,-0.0324639753941948,-0.0324639753941948,0.085377758492231,0.00834254240738808,0.0855877499516979,0.245955695224764,0.9016,0.9523
82,cirls,2,1.24991494781204e-11,0.0245128781979169,0.0245128781854177,0.0819032347192857,0.00730835024042979,0.0840917215882859,2.67203960441977,0.9008,0.9441
82,cirls,3,0.45,0.446149562579237,-0.00385043742076324,0.0804350253930159,0.00648397219897533,0.0792500690328453,-1.47318454166045,0.9511,0.9502
82,cirls,4,0.899999999987501,0.880777952656167,-0.0192220473313336,0.0524941346949694,0.00312484571756388,0.0531272161539321,1.20600418054588,0.9042,0.9483
82,cirls,5,0.9,0.916179211175265,0.0161792111752652,0.0504354423951159,0.00280524635045993,0.05223066597785,3.55944847012559,0.9023,0.9475
82,glm,1,0,-0.00471090300671606,-0.00471090300671606,0.101432448861745,0.0103097054350609,0.101001636316007,-0.424728526789897,0.9491,0.9506
82,glm,2,1.24991494781204e-11,-0.00718773474426921,-0.00718773475676836,0.104235491442377,0.0109156147033999,0.103249065384122,-0.946343749719825,0.9462,0.9456
82,glm,3,0.45,0.446149562579236,-0.00385043742076419,0.0804350253930181,0.00648397219897569,0.0801354576450838,-0.372434454356851,0.9531,0.9488
82,glm,4,0.899999999987501,0.898311087893868,-0.00168891209363298,0.0635157727010151,0.00403670238052886,0.0632518795540128,-0.415476559254813,0.9482,0.9482
82,glm,5,0.9,0.897995389054293,-0.00200461094570725,0.0623692912461544,0.00389355796274223,0.0626482990400896,0.447348027146877,0.9474,0.9518
83,cirls,1,0,-0.121167112558355,-0.121167112558355,0.240751593856646,0.0726370029772499,0.227987158130292,-5.30191120311091,0.8609,0.9528
83,cirls,2,1.38879438645783e-11,0.0287134922102841,0.0287134921963962,0.16921847161474,0.0294564922806276,0.164838029314973,-2.58863128709741,0.9326,0.9553
83,cirls,3,0.5,0.486852332667277,-0.0131476673327233,0.164346727142309,0.0271800068940082,0.146905196226758,-10.6126426846625,0.9747,0.9715
83,cirls,4,0.999999999986112,0.942691817912533,-0.0573081820735786,0.125183618446082,0.018953598966,0.119584745022275,-4.47252882869732,0.9077,0.9666
83,cirls,5,1,1.02584054560708,0.0258405456070832,0.105238584973258,0.0117417860484687,0.106869850530826,1.55006413092884,0.9104,0.9428
83,glm,1,0,-0.0403778440600565,-0.0403778440600565,0.294677187201858,0.0884563314836714,0.289629453136063,-1.71297076428842,0.9503,0.9503
83,glm,2,1.38879438645783e-11,-0.0196976188579737,-0.0196976188718616,0.202586300471395,0.0414251012069936,0.20017141442491,-1.19202830638885,0.9521,0.9521
83,glm,3,0.5,0.485475509757123,-0.0145244902428766,0.168682678654185,0.0286619615101587,0.168469517689363,-0.126368022207668,0.9445,0.9567
83,glm,4,0.999999999986112,0.988386340102078,-0.0116136598840335,0.158221835042619,0.0251665227652474,0.158521004659146,0.189082383253747,0.9539,0.9539
83,glm,5,1,0.99300757482201,-0.00699242517799037,0.125707433164599,0.0158496725268266,0.124738542064662,-0.770750842289891,0.9451,0.9528
84,cirls,1,0,-0.0345272807515858,-0.0345272807515858,0.0875231009738579,0.00885166029085854,0.0868213021825583,-0.801844065727519,0.8938,0.9457
84,cirls,2,1.38879438645783e-11,0.0228348947506462,0.0228348947367583,0.0809244711249307,0.00706954756748589,0.0823173563232765,1.7212163131662,0.9,0.9438
84,cirls,3,0.5,0.498066605521118,-0.0019333944788823,0.0747413280320508,0.00558944550359399,0.0741852627028769,-0.743986417976727,0.9473,0.9474
84,cirls,4,0.999999999986112,0.980640735717782,-0.0193592642683302,0.0518324790875125,0.00306111834077964,0.0520371934205465,0.394953775389162,0.9036,0.9468
84,cirls,5,1,1.01663590486487,0.0166359048648743,0.0507517592853201,0.00285223682712117,0.0520030261956538,2.46546509510965,0.8971,0.9442
84,glm,1,0,-0.00614360051281498,-0.00614360051281498,0.104261011703436,0.0109070153528289,0.103743272488046,-0.49657988823486,0.948,0.9429
84,glm,2,1.38879438645783e-11,-0.00522312970256658,-0.00522312971645452,0.100312554597697,0.0100888834330898,0.0985638176174716,-1.74328825264047,0.9476,0.9476
84,glm,3,0.5,0.498066605521118,-0.0019333944788823,0.0747413280320508,0.005589445503594,0.0744318956363733,-0.414004412050051,0.9485,0.9485
84,glm,4,0.999999999986112,0.997117230632295,-0.00288276935381715,0.0618586723884294,0.00383442305927138,0.0614161202962384,-0.715424491188721,0.9489,0.9496
84,glm,5,1,0.998480889169295,-0.00151911083070511,0.0633482573247734,0.00401490810363106,0.0626693808505442,-1.07165769493657,0.9496,0.9496
