sc,model,df,true,mean,bias,se,mse
1,cirls,o,2.08329700123044,2.079,-0.00429700123043775,0.26975225045894,1.0641834617587
1,cirls,e,2.08329700123044,2.15975845,0.0764614487695621,0.193880323036051,1.19635507138966
1,glm,o,2.9908173510405,3,0.00918264895950394,0,1.01844961896092
1,glm,e,2.9908173510405,NA,NA,NA,NA
2,cirls,o,2.00277660607756,2.0026,-0.000176606077560759,0.0509264111236497,1.00224005903458
2,cirls,e,2.00277660607756,2.02487706,0.0221004539224392,0.0639464523537722,1.04877807776221
2,glm,o,2.99784144098366,3,0.00215855901634088,0,1.00432177740971
2,glm,e,2.99784144098366,NA,NA,NA,NA
3,cirls,o,2.12903875008394,2.1173,-0.0117387500839428,0.321793513151696,1.08020100808565
3,cirls,e,2.12903875008394,2.20105961,0.0720208599160572,0.216941847945911,1.19628778310881
3,glm,o,2.99956277520013,3,0.000437224799867852,0,1.00087464076526
3,glm,e,2.99956277520013,NA,NA,NA,NA
4,cirls,o,2.03840863544285,2.0057,-0.0327086354428476,0.0752866310023285,0.941320093946838
4,cirls,e,2.03840863544285,2.03810694,-0.000301695442847638,0.0823354977227619,1.00617515640628
4,glm,o,3.02329943376537,3,-0.0232994337653731,0,0.953943996083041
4,glm,e,3.02329943376537,NA,NA,NA,NA
5,cirls,o,2.24132867090661,2.1658,-0.0755286709066132,0.371919604779369,0.992957598315693
5,cirls,e,2.24132867090661,2.24991888,0.00859020909338692,0.240972041307731,1.07531592781859
5,glm,o,3.04793875793116,3,-0.047938757931163,0,0.906420608649657
5,glm,e,3.04793875793116,NA,NA,NA,NA
6,cirls,o,1.97746743321234,2.013,0.0355325667876634,0.113279668203623,1.08515869687785
6,cirls,e,1.97746743321234,2.05959109,0.0821236567876635,0.109188435033416,1.18291253071312
6,glm,o,2.97639843975452,3,0.0236015602454818,0,1.04776015413698
6,glm,e,2.97639843975452,NA,NA,NA,NA
7,cirls,o,2.17722566142244,2.1965,0.0192743385775604,0.397370784474696,1.19680792728272
7,cirls,e,2.17722566142244,2.27403725,0.0968115885775607,0.249868130392205,1.26542350001547
7,glm,o,2.96760020081704,3,0.0323997991829588,0,1.06584934535301
7,glm,e,2.96760020081704,NA,NA,NA,NA
8,cirls,o,2.03825193190233,2.0291,-0.00915193190232877,0.168095257522514,1.01003308405289
8,cirls,e,2.03825193190233,2.08895482,0.0507028880976712,0.139322843562143,1.12338547270955
8,glm,o,3.00691870551407,3,-0.00691870551406737,0,0.986210457457856
8,glm,e,3.00691870551407,NA,NA,NA,NA
9,cirls,o,2.23762892239338,2.2169,-0.0207289223933764,0.412154554915645,1.12882623343684
9,cirls,e,2.23762892239338,2.29113057,0.0535016476066237,0.2540149967036,1.17438288769835
9,glm,o,3.00301269911308,3,-0.00301269911308388,0,0.993983678129778
9,glm,e,3.00301269911308,NA,NA,NA,NA
10,cirls,o,2.03374798496235,2.0505,0.016752015037651,0.218985263099016,1.08173441008312
10,cirls,e,2.03374798496235,2.12522308,0.0914750950376511,0.168853861140205,1.21982665834676
10,glm,o,2.97519168428786,3,0.0248083157121357,0,1.05023208395274
10,glm,e,2.97519168428786,NA,NA,NA,NA
11,cirls,o,2.24620941366428,2.2851,0.0388905863357167,0.45148463300248,1.28311164037697
11,cirls,e,2.24620941366428,2.33956622,0.0933568063357169,0.269718975430878,1.26817015683555
11,glm,o,2.9536740026134,3,0.0463259973865986,0,1.09479809280706
11,glm,e,2.9536740026134,NA,NA,NA,NA
12,cirls,o,2.10738891147738,2.0884,-0.0189889114773765,0.283889942319088,1.04296819580434
12,cirls,e,2.10738891147738,2.17017912,0.0627902085226233,0.201100364698063,1.16996033987759
12,glm,o,3.0221731041661,3,-0.0221731041661015,0,0.956145438216158
12,glm,e,3.0221731041661,NA,NA,NA,NA
13,cirls,o,2.34016884610452,2.315,-0.0251688461045201,0.464539104551991,1.16607077860519
13,cirls,e,2.34016884610452,2.36418067,0.0240118238954801,0.276098880915072,1.1248231844611
13,glm,o,3.0399796504037,3,-0.0399796504037044,0,0.921639071638993
13,glm,e,3.0399796504037,NA,NA,NA,NA
14,cirls,o,2.1846305423787,2.1382,-0.0464305423786984,0.345127036418659,1.02839547050818
14,cirls,e,2.1846305423787,2.22342842,0.0387978776213016,0.228965434175791,1.13152095808082
14,glm,o,3.04589792417669,3,-0.0458979241766921,0,0.910310771090345
14,glm,e,3.04589792417669,NA,NA,NA,NA
15,cirls,o,2.3721859592852,2.3513,-0.020885959285196,0.477400357258047,1.18655261472487
15,cirls,e,2.3721859592852,2.39278484,0.0205988807148039,0.280976111044466,1.12056175553648
15,glm,o,3.03061456719576,3,-0.0306145671957641,0,0.939708117333056
15,glm,e,3.03061456719576,NA,NA,NA,NA
16,cirls,o,2.20683549905428,2.2077,0.000864500945715552,0.405681115800048,1.16629045925332
16,cirls,e,2.20683549905428,2.28005811,0.0732226109457157,0.253141767007438,1.21588111877337
16,glm,o,3.0061427177102,3,-0.00614271771019848,0,0.98775229756047
16,glm,e,3.0061427177102,NA,NA,NA,NA
17,cirls,o,2.39071557107119,2.4074,0.0166844289288086,0.49137499421368,1.2750724680263
17,cirls,e,2.39071557107119,2.43543586,0.0447202889288087,0.284037200727651,1.17210954578355
17,glm,o,2.96923281285979,3,0.0307671871402069,0,1.06248099408493
17,glm,e,2.96923281285979,NA,NA,NA,NA
18,cirls,o,2.33144250595674,2.3036,-0.0278425059567402,0.459834953889417,1.15651723322447
18,cirls,e,2.33144250595674,2.35678242,0.02533991404326,0.275228943100205,1.12706533535318
18,glm,o,3.0359708947337,3,-0.0359708947337007,0,0.929352115800541
18,glm,e,3.0359708947337,NA,NA,NA,NA
19,cirls,o,2.42656153390217,2.439,0.0124384660978261,0.496289865263272,1.27131064763452
19,cirls,e,2.42656153390217,2.45742096,0.0308594260978259,0.287077066117911,1.14507615694142
19,glm,o,2.97626226294148,3,0.0237377370585161,0,1.04803895427769
19,glm,e,2.97626226294148,NA,NA,NA,NA
20,cirls,o,2.41536228329308,2.393,-0.0223622832930834,0.488441252850073,1.19432650512791
20,cirls,e,2.41536228329308,2.42611194,0.010749656706917,0.283201934529071,1.10181018392059
20,glm,o,3.00421787414762,3,-0.00421787414762198,0,0.991582042167081
20,glm,e,3.00421787414762,NA,NA,NA,NA
21,cirls,o,2.47008038643673,2.4999,0.0298196135632693,0.500024991874656,1.3105284264796
21,cirls,e,2.47008038643673,2.49976965,0.0296892635632697,0.287567382552035,1.14294670950535
21,glm,o,2.96295107117463,3,0.0370489288253655,0,1.07547048077784
21,glm,e,2.96295107117463,NA,NA,NA,NA
22,cirls,o,2.50576076288276,2.5,-0.00576076288275651,0.500025001875156,1.23851166062348
22,cirls,e,2.50576076288276,2.50133272,-0.00442804288275633,0.288267965711432,1.07425363201166
22,glm,o,3.00351766133964,3,-0.00351766133963682,0,0.992977051262027
22,glm,e,3.00351766133964,NA,NA,NA,NA
23,cirls,o,2.53953104817297,2.5438,0.0042689518270298,0.498102771159792,1.25663768760376
23,cirls,e,2.53953104817297,2.53446881,-0.00506223817297036,0.287598632040382,1.07260585176356
23,glm,o,2.98145867088201,3,0.0185413291179879,0,1.03742643912144
23,glm,e,2.98145867088201,NA,NA,NA,NA
24,cirls,o,2.57971124967592,2.6055,0.0257887503240828,0.488767469625318,1.29111231029144
24,cirls,e,2.57971124967592,2.57235338,-0.00735786967591734,0.282121898407642,1.06492320517891
24,glm,o,2.96835301273148,3,0.0316469872685241,0,1.06429550634022
24,glm,e,2.96835301273148,NA,NA,NA,NA
25,cirls,o,2.60133137793551,2.6074,0.00606862206449099,0.488353446705243,1.25063931230274
25,cirls,e,2.60133137793551,2.57656445,-0.0247669279355094,0.285687996178197,1.03268901424554
25,glm,o,2.99924050578908,3,0.000759494210916589,0,1.00151956525329
25,glm,e,2.99924050578908,NA,NA,NA,NA
26,cirls,o,2.73788222856956,2.7131,-0.0247822285695642,0.452337098727363,1.15563809171375
26,cirls,e,2.73788222856956,2.65543328,-0.0824489485695641,0.269452086819068,0.91449709862954
26,glm,o,3.01892353316188,3,-0.018923533161884,0,0.962511033783561
26,glm,e,3.01892353316188,NA,NA,NA,NA
27,cirls,o,2.65028838291573,2.6377,-0.0125883829157343,0.480688897501927,1.20602041155296
27,cirls,e,2.65028838291573,2.60087634,-0.0494120429157343,0.284269192343412,0.984418356971842
27,glm,o,3.01996271823555,3,-0.0199627182355457,0,0.96047307364826
27,glm,e,3.01996271823555,NA,NA,NA,NA
28,cirls,o,2.78071010573135,2.786,0.00528989426864523,0.410147317536283,1.17881177151866
28,cirls,e,2.78071010573135,2.7141516,-0.0665585057313547,0.255483106790303,0.936578113915921
28,glm,o,2.99610077746375,3,0.00389922253625308,0,1.00781364900889
28,glm,e,2.99610077746375,NA,NA,NA,NA
29,cirls,o,2.68421455276318,2.6796,-0.00461455276318201,0.466653636610341,1.20853602857084
29,cirls,e,2.68421455276318,2.62801325,-0.0562013027631822,0.276300469851938,0.967090296351352
29,glm,o,3.01077857312307,3,-0.010778573123071,0,0.978559031392427
29,glm,e,3.01077857312307,NA,NA,NA,NA
30,cirls,o,2.89694484274178,2.8587,-0.0382448427417774,0.348348165840534,1.04630729251279
30,cirls,e,2.89694484274178,2.77663339,-0.120311452741777,0.228212325523097,0.82592759761139
30,glm,o,3.03756269976466,3,-0.0375626997646634,0,0.926285556884283
30,glm,e,3.03756269976466,NA,NA,NA,NA
31,cirls,o,2.71514442207546,2.7169,0.00175557792454306,0.450527121790405,1.20646862790294
31,cirls,e,2.71514442207546,2.65566494,-0.0594794820754569,0.271511479457396,0.958289956265847
31,glm,o,3.00950062167781,3,-0.00950062167781018,0,0.981089018456645
31,glm,e,3.00950062167781,NA,NA,NA,NA
32,cirls,o,2.89535555769701,2.913,0.0176444423029944,0.281849150955594,1.11503121095017
32,cirls,e,2.89535555769701,2.83184784,-0.0635077176970054,0.20060976991491,0.917258050170406
32,glm,o,2.98592003764201,3,0.0140799623579877,0,1.02835817005598
32,glm,e,2.98592003764201,NA,NA,NA,NA
33,cirls,o,2.77614000769471,2.7502,-0.0259400076947114,0.432918816719933,1.13619282860978
33,cirls,e,2.77614000769471,2.68024543,-0.0958945776947115,0.265820958295809,0.888060330432939
33,glm,o,3.03539442177914,3,-0.0353944217791393,0,0.930463921534801
33,glm,e,3.03539442177914,NA,NA,NA,NA
34,cirls,o,2.96778287382722,2.9415,-0.0262828738272205,0.234698228211959,1.00320279180218
34,cirls,e,2.96778287382722,2.8656697,-0.10211317382722,0.176368700771342,0.837303560634537
34,glm,o,3.02608576433045,3,-0.0260857643304524,0,0.948508938439799
34,glm,e,3.02608576433045,NA,NA,NA,NA
35,cirls,o,2.82494911950782,2.7914,-0.033549119507819,0.406328131262192,1.09911334440411
35,cirls,e,2.82494911950782,2.71766018,-0.107288939507819,0.254066792351667,0.861476517507442
35,glm,o,3.03855678189204,3,-0.0385567818920425,0,0.924373061645785
35,glm,e,3.03855678189204,NA,NA,NA,NA
36,cirls,o,2.98308245856187,2.9723,-0.0107824585618714,0.16412008877756,1.0054840542889
36,cirls,e,2.98308245856187,2.91241365,-0.0706688085618716,0.139512558280856,0.883118270922489
36,glm,o,3.01159329113054,3,-0.0115932911305352,0,0.976947822138167
36,glm,e,3.01159329113054,NA,NA,NA,NA
37,cirls,o,2.87748512161607,2.8381,-0.0393851216160694,0.368377469718249,1.05846933457257
37,cirls,e,2.87748512161607,2.75802384,-0.119461281616069,0.240233948264279,0.83305501323687
37,glm,o,3.0507312340609,3,-0.0507312340609043,0,0.901111189987534
37,glm,e,3.0507312340609,NA,NA,NA,NA
38,cirls,o,2.98759645821789,2.9852,-0.00239645821789214,0.120757683986669,1.00979378657621
38,cirls,e,2.98759645821789,2.94009915,-0.047497308217892,0.111859354601207,0.919772641812439
38,glm,o,3.00432870079291,3,-0.00432870079291447,0,0.991361336064726
38,glm,e,3.00432870079291,NA,NA,NA,NA
39,cirls,o,2.84871743210404,2.8738,0.0250825678959621,0.332091235143064,1.16106783100418
39,cirls,e,2.84871743210404,2.79453929,-0.0541781421040382,0.222116610824531,0.943909842099065
39,glm,o,2.97517699695606,3,0.0248230030439363,0,1.05026218756799
39,glm,e,2.97517699695606,NA,NA,NA,NA
40,cirls,o,2.98348440629776,2.9938,0.0103155937022414,0.0784995300471395,1.02689915887791
40,cirls,e,2.98348440629776,2.96083882,-0.0226455862977581,0.0829841980422783,0.96210733847026
40,glm,o,2.98919536630185,3,0.0108046336981511,0,1.02172600750565
40,glm,e,2.98919536630185,NA,NA,NA,NA
41,cirls,o,2.89181102606795,2.8726,-0.0192110260679472,0.333437187541827,1.07311625138669
41,cirls,e,2.89181102606795,2.7907513,-0.101059726067947,0.223700320025761,0.858130445093344
41,glm,o,3.02185590635373,3,-0.0218559063537289,0,0.956765867935085
41,glm,e,3.02185590635373,NA,NA,NA,NA
42,cirls,o,2.97802197494947,2.9977,0.0196780250505313,0.0479055267578741,1.04203798477095
42,cirls,e,2.97802197494947,2.97202289,-0.00599908494946888,0.0669699446945952,0.992522344116341
42,glm,o,2.98134083561827,3,0.0186591643817295,0,1.03766649317888
42,glm,e,2.98134083561827,NA,NA,NA,NA
43,cirls,o,1.01168784049543,1.0007,-0.0109878404954333,0.0264495738717243,0.000820242638753083
43,cirls,e,1.01168784049543,2.20020538,1.18851753950457,0.335190929323819,1.52491566551504
43,glm,o,5.14117525948757,5,-0.141175259487567,0,0.0199304538913819
43,glm,e,5.14117525948757,NA,NA,NA,NA
44,cirls,o,0.990701213004046,1,0.00929878699595355,0,8.64674395961147e-05
44,cirls,e,0.990701213004046,2.00468129,1.01398007699595,0.402148845300236,1.18986311795166
44,glm,o,4.98972307551411,5,0.0102769244858862,0,0.000105615176888608
44,glm,e,4.98972307551411,NA,NA,NA,NA
45,cirls,o,1.00516111714906,1.0077,0.00253888285094162,0.0885522114315331,0.00784715592613081
45,cirls,e,1.00516111714906,2.19008136,1.18492024285094,0.356270287007338,1.53095180647048
45,glm,o,5.05699609955534,5,-0.0569960995553425,0,0.00324855536452251
45,glm,e,5.05699609955534,NA,NA,NA,NA
46,cirls,o,1.01220687928468,1,-0.0122068792846848,0,0.000149007901870866
46,cirls,e,1.01220687928468,2.00569171,0.993484830715315,0.402395595002932,1.14891813151771
46,glm,o,5.02278355089289,5,-0.0227835508928917,0,0.000519090191288988
46,glm,e,5.02278355089289,NA,NA,NA,NA
47,cirls,o,1.01775838349959,1.0188,0.00104161650040724,0.137289638518296,0.0188476449649339
47,cirls,e,1.01775838349959,2.28364898,1.26589059650041,0.341675301961024,1.71920934007712
47,glm,o,5.08138729728057,5,-0.0813872972805676,0,0.00662389215863549
47,glm,e,5.08138729728057,NA,NA,NA,NA
48,cirls,o,1.01154980975222,1,-0.0115498097522209,0,0.000133398105312496
48,cirls,e,1.01154980975222,2.02158026,1.01003045024778,0.400177089135047,1.18028719892606
48,glm,o,5.06414414601525,5,-0.0641441460152485,0,0.00411447146802553
48,glm,e,5.06414414601525,NA,NA,NA,NA
49,cirls,o,1.03752839591643,1.0506,0.0130716040835717,0.2259308400251,0.0512105068333177
49,cirls,e,1.03752839591643,2.3510726,1.31354420408357,0.352599434837018,1.84971230489278
49,glm,o,5.10390984711034,5,-0.103909847110338,0,0.0107972563264938
49,glm,e,5.10390984711034,NA,NA,NA,NA
50,cirls,o,0.979381192047956,1,0.0206188079520444,0,0.00042513524136329
50,cirls,e,0.979381192047956,2.03978241,1.06040121795204,0.393554351080403,1.27932028178577
50,glm,o,4.97673625503515,5,0.0232637449648534,0,0.000541201829789742
50,glm,e,4.97673625503515,NA,NA,NA,NA
51,cirls,o,1.0555288231201,1.0626,0.00707117687989722,0.247966507292565,0.0615312415424668
51,cirls,e,1.0555288231201,2.45304787,1.3975190468799,0.306283246838923,2.04685953274356
51,glm,o,5.1323234006855,5,-0.1323234006855,0,0.0175094823689755
51,glm,e,5.1323234006855,NA,NA,NA,NA
52,cirls,o,0.999560720247091,1.0001,0.000539279752908572,0.01,0.000100280822651897
52,cirls,e,0.999560720247091,2.06576162,1.06620089975291,0.383010955765236,1.28346708113089
52,glm,o,5.03167313915551,5,-0.0316731391555134,0,0.00100318774396452
52,glm,e,5.03167313915551,NA,NA,NA,NA
53,cirls,o,1.10027143515473,1.1118,0.0115285648452663,0.338691941479455,0.114833667807392
53,cirls,e,1.10027143515473,2.56809773,1.46782629484527,0.302119625556934,2.24578117235903
53,glm,o,5.10646110669045,5,-0.106461106690452,0,0.0113339672377557
53,glm,e,5.10646110669045,NA,NA,NA,NA
54,cirls,o,1.02951256920859,1.0035,-0.0260125692085875,0.0590601287662073,0.00416440375683156
54,cirls,e,1.02951256920859,2.14789538,1.11838281079141,0.372242466835888,1.38933070914436
54,glm,o,5.03895809744547,5,-0.0389580974454713,0,0.00151773335657084
54,glm,e,5.03895809744547,NA,NA,NA,NA
55,cirls,o,1.30000540949255,1.2567,-0.043305409492548,0.501826955263767,0.253680468491317
55,cirls,e,1.30000540949255,2.6354282,1.33542279050745,0.307584831722292,1.87795299726947
55,glm,o,5.16325488188698,5,-0.163254881886979,0,0.0266521564599314
55,glm,e,5.16325488188698,NA,NA,NA,NA
56,cirls,o,1.013520639169,1.015,0.00147936083100086,0.121558535890182,0.0147771885084683
56,cirls,e,1.013520639169,2.26500537,1.251484730831,0.351561101043531,1.68979687974931
56,glm,o,5.0431568467942,5,-0.043156846794199,0,0.00186251342521796
56,glm,e,5.0431568467942,NA,NA,NA,NA
57,cirls,o,1.44539858078041,1.4373,-0.00809858078040882,0.638521323800619,0.407734297010657
57,cirls,e,1.44539858078041,2.72360794,1.27820935921959,0.292636548588712,1.71944675195151
57,glm,o,5.09355317296015,5,-0.0935531729601546,0,0.00875219617091261
57,glm,e,5.09355317296015,NA,NA,NA,NA
58,cirls,o,1.06795043334233,1.0639,-0.00405043334232968,0.254211038952349,0.0646331960102606
58,cirls,e,1.06795043334233,2.42633815,1.35838771665767,0.334754123771337,1.95726630611602
58,glm,o,5.02973562428936,5,-0.0297356242893638,0,0.000884207351878204
58,glm,e,5.02973562428936,NA,NA,NA,NA
59,cirls,o,1.71842834622389,1.7266,0.00817165377611029,0.781353627590693,0.610519215925437
59,cirls,e,1.71842834622389,2.81266141,1.09423306377611,0.317206577313714,1.29795594855067
59,glm,o,5.12034046285604,5,-0.120340462856044,0,0.0144818270004069
59,glm,e,5.12034046285604,NA,NA,NA,NA
60,cirls,o,1.28708843184374,1.2666,-0.0204884318437391,0.507494034466911,0.257944215839416
60,cirls,e,1.28708843184374,2.59078137,1.30369293815626,0.319247948853564,1.80152433792043
60,glm,o,5.08976650653138,5,-0.0897665065313777,0,0.00805802569484788
60,glm,e,5.08976650653138,NA,NA,NA,NA
61,cirls,o,1.91731928102406,1.947,0.0296807189759369,0.863750893811784,0.746871945078929
61,cirls,e,1.91731928102406,2.91560403,0.998284748975937,0.279653491632587,1.07477069481271
61,glm,o,5.08259968849188,5,-0.082599688491876,0,0.00682270853895496
61,glm,e,5.08259968849188,NA,NA,NA,NA
62,cirls,o,1.64046130849488,1.6436,0.0031386915051177,0.746213591053089,0.556788891384364
62,cirls,e,1.64046130849488,2.8036998,1.16323849150512,0.312221201259318,1.45059611842706
62,glm,o,5.00393709437103,5,-0.00393709437102885,0,1.5500712086387e-05
62,glm,e,5.00393709437103,NA,NA,NA,NA
63,cirls,o,2.29645170115774,2.2616,-0.0348517011577365,0.901912847606945,0.814580081073588
63,cirls,e,2.29645170115774,2.99969635,0.703244648842263,0.281164081834378,0.573598371714956
63,glm,o,5.14008527677189,5,-0.140085276771888,0,0.0196238847682565
63,glm,e,5.14008527677189,NA,NA,NA,NA
64,cirls,o,2.29735393509376,2.2925,-0.00485393509376308,0.914126529935147,0.835567310685895
64,cirls,e,2.29735393509376,2.99530534,0.697951404906237,0.302906717313142,0.578879467756074
64,glm,o,5.00575630515671,5,-0.00575630515671133,0,3.31350490571814e-05
64,glm,e,5.00575630515671,NA,NA,NA,NA
65,cirls,o,2.56450685669863,2.5247,-0.0398068566986312,0.910204788646889,0.829974495840225
65,cirls,e,2.56450685669863,3.0829072,0.518400343301369,0.282995075952677,0.348817120327137
65,glm,o,5.1472760095019,5,-0.147276009501895,0,0.0216902229748023
65,glm,e,5.1472760095019,NA,NA,NA,NA
66,cirls,o,2.92627360624669,2.9109,-0.0153736062466905,0.902353929598263,0.814397537769028
66,cirls,e,2.92627360624669,3.20080777,0.27453416375331,0.30392043266547,0.167727399696356
66,glm,o,5.05771770877516,5,-0.057717708775157,0,0.00333133390625384
66,glm,e,5.05771770877516,NA,NA,NA,NA
67,cirls,o,2.99543235308456,2.9446,-0.0508323530845618,0.900450954351273,0.813314768120113
67,cirls,e,2.99543235308456,3.19377875,0.198346396915438,0.331874181404137,0.149470751404774
67,glm,o,5.13348889490532,5,-0.133488894905325,0,0.0178192850630448
67,glm,e,5.13348889490532,NA,NA,NA,NA
68,cirls,o,3.41149275450188,3.394,-0.0174927545018764,0.84725190089982,0.718069996460063
68,cirls,e,3.41149275450188,3.40660471,-0.00488804450187663,0.333483125678537,0.111223766991868
68,glm,o,5.02442955780316,5,-0.0244295578031579,0,0.000596803294457834
68,glm,e,5.02442955780316,NA,NA,NA,NA
69,cirls,o,3.20095494349577,3.1077,-0.0932549434957712,0.884861010498705,0.791597194486399
69,cirls,e,3.20095494349577,3.26854983,0.0675948865042288,0.315221575086654,0.103923773617491
69,glm,o,5.20133086925739,5,-0.201330869257387,0,0.0405341189159349
69,glm,e,5.20133086925739,NA,NA,NA,NA
70,cirls,o,3.63432595078359,3.6622,0.0278740492164107,0.798720824503499,0.638668122619719
70,cirls,e,3.63432595078359,3.56824125,-0.0660847007835894,0.335078910976348,0.116633836471094
70,glm,o,4.98301178509542,5,0.0169882149045764,0,0.00028859944564407
70,glm,e,4.98301178509542,NA,NA,NA,NA
71,cirls,o,3.32490086645537,3.35,0.0250991335446296,0.860682332459393,0.741329966504691
71,cirls,e,3.32490086645537,3.37386578,0.0489649135446295,0.301331886121517,0.0931893882614246
71,glm,o,5.05298630710066,5,-0.0529863071006647,0,0.00280754874016595
71,glm,e,5.05298630710066,NA,NA,NA,NA
72,cirls,o,3.83587924361325,3.8481,0.0122207563867489,0.749187905836597,0.561375736886664
72,cirls,e,3.83587924361325,3.72308632,-0.112792923613251,0.347638248088456,0.133562509916082
72,glm,o,4.9800254536954,5,0.0199745463045993,0,0.00039898250007458
72,glm,e,4.9800254536954,NA,NA,NA,NA
73,cirls,o,3.52291177338488,3.4927,-0.0302117733848837,0.827777283768498,0.68605946125106
73,cirls,e,3.52291177338488,3.45646937,-0.0664424033848836,0.313447046175074,0.102653818818363
73,glm,o,5.10027876981044,5,-0.100278769810435,0,0.0100558316746943
73,glm,e,5.10027876981044,NA,NA,NA,NA
74,cirls,o,3.94610866025789,3.9547,0.00859133974211135,0.722149610542027,0.521521721118564
74,cirls,e,3.94610866025789,3.84673553,-0.0993731302578884,0.364272206003458,0.14255598965987
74,glm,o,5.01342111378707,5,-0.0134211137870697,0,0.000180126295285472
74,glm,e,5.01342111378707,NA,NA,NA,NA
75,cirls,o,3.60763297489158,3.5833,-0.0243329748915802,0.801202410462084,0.642453203667074
75,cirls,e,3.60763297489158,3.50929978,-0.09833319489158,0.302579655821014,0.101214709889537
75,glm,o,5.1067960917139,5,-0.1067960917139,0,0.0114054052053637
75,glm,e,5.1067960917139,NA,NA,NA,NA
76,cirls,o,4.02863571817016,3.9894,-0.0392357181701568,0.705079678997611,0.498627081580328
76,cirls,e,4.02863571817016,3.91732763,-0.111308088170157,0.380575510688111,0.157212726055678
76,glm,o,5.05016991908028,5,-0.0501699190802798,0,0.00251702078052182
76,glm,e,5.05016991908028,NA,NA,NA,NA
77,cirls,o,3.78221246935906,3.7218,-0.0604124693590604,0.788712220456023,0.625654426454059
77,cirls,e,3.78221246935906,3.60870422,-0.173508249359061,0.331983762274653,0.140307309687838
77,glm,o,5.11266589944162,5,-0.112665899441625,0,0.0126936048969904
77,glm,e,5.11266589944162,NA,NA,NA,NA
78,cirls,o,3.96898243639513,4.0022,0.0332175636048668,0.712071530526575,0.508098566531843
78,cirls,e,3.96898243639513,3.96540915,-0.00357328639513321,0.395348960870474,0.156297939156939
78,glm,o,4.97173735985742,5,0.028262640142577,0,0.000798776827828802
78,glm,e,4.97173735985742,NA,NA,NA,NA
79,cirls,o,3.85275602118918,3.8004,-0.0523560211891834,0.772281996390046,0.599100992954762
79,cirls,e,3.85275602118918,3.68110957,-0.171646451189183,0.359718637097388,0.158847062331256
79,glm,o,5.10253025268068,5,-0.102530252680679,0,0.0105124527147639
79,glm,e,5.10253025268068,NA,NA,NA,NA
80,cirls,o,4.03304466270647,4.0009,-0.0321446627064681,0.704520279965373,0.497332469340513
80,cirls,e,4.03304466270647,3.98458317,-0.0484614927064677,0.397911307847166,0.16066609184709
80,glm,o,5.02615914423107,5,-0.0261591442310714,0,0.000684300826901994
80,glm,e,5.02615914423107,NA,NA,NA,NA
81,cirls,o,3.97903089584336,3.9455,-0.0335308958433633,0.735380057101658,0.541854070976059
81,cirls,e,3.97903089584336,3.79501557,-0.184015325843363,0.366980665462715,0.168522981487814
81,glm,o,5.11031870056231,5,-0.11031870056231,0,0.0121702156937566
81,glm,e,5.11031870056231,NA,NA,NA,NA
82,cirls,o,4.0142682050245,3.9925,-0.0217682050244998,0.705048551055837,0.497517604749989
82,cirls,e,4.0142682050245,3.98691079,-0.0273574150245,0.40557390961968,0.165222175301399
82,glm,o,5.03541676229923,5,-0.0354167622992341,0,0.00125434705176045
82,glm,e,5.03541676229923,NA,NA,NA,NA
83,cirls,o,4.0352329875231,3.9877,-0.0475329875231014,0.719861465875904,0.520408094902871
83,cirls,e,4.0352329875231,3.85982485,-0.175408137523101,0.370722341148871,0.168189325430801
83,glm,o,5.07585743319005,5,-0.0758574331900483,0,0.00575435017018265
83,glm,e,5.07585743319005,NA,NA,NA,NA
84,cirls,o,4.0797878032533,4.0149,-0.0648878032532965,0.708327722750057,0.505888417011038
84,cirls,e,4.0797878032533,4.0034447,-0.0763431032532962,0.404971229530673,0.169813565992253
84,glm,o,5.08310592167036,5,-0.0831059216703594,0,0.00690659421667991
84,glm,e,5.08310592167036,NA,NA,NA,NA
